experiment,run,role,node,source_log,sync_buffer_us,sync_prep_us,guard_us,pac,phase,count,min_us,max_us,avg_us,first_slot_prep_max_us,phase_max_share_percent,result
wait_budget_baseline,r1,sensor,N2,/Users/songchieon/Desktop/DWM3000/logs/exp4_wait_budget_baseline_0m_g200_l15_pac8_sb3000_sp2500_20260901_spiopt/exp4_32_s3_r1_n2.log,3000,2500,200,8,sync_event_detect_to_frame_read,1000,126,126,126.0,2068,6.093,PASS
wait_budget_baseline,r1,sensor,N2,/Users/songchieon/Desktop/DWM3000/logs/exp4_wait_budget_baseline_0m_g200_l15_pac8_sb3000_sp2500_20260901_spiopt/exp4_32_s3_r1_n2.log,3000,2500,200,8,sync_event_detect_to_beacon_ready,1000,153,658,153.505,2068,31.818,PASS
wait_budget_baseline,r1,sensor,N2,/Users/songchieon/Desktop/DWM3000/logs/exp4_wait_budget_baseline_0m_g200_l15_pac8_sb3000_sp2500_20260901_spiopt/exp4_32_s3_r1_n2.log,3000,2500,200,8,sensor_data_phy_config,1000,990,990,990.0,2068,47.872,PASS
wait_budget_baseline,r1,sensor,N2,/Users/songchieon/Desktop/DWM3000/logs/exp4_wait_budget_baseline_0m_g200_l15_pac8_sb3000_sp2500_20260901_spiopt/exp4_32_s3_r1_n2.log,3000,2500,200,8,sensor_tx_buffer_write,1000,73,73,73.0,2068,3.53,PASS
wait_budget_baseline,r1,sensor,N2,/Users/songchieon/Desktop/DWM3000/logs/exp4_wait_budget_baseline_0m_g200_l15_pac8_sb3000_sp2500_20260901_spiopt/exp4_32_s3_r1_n2.log,3000,2500,200,8,sensor_delayed_tx_arm_call,1000,174,174,174.0,2068,8.414,PASS
wait_budget_baseline,r1,sensor,N3,/Users/songchieon/Desktop/DWM3000/logs/exp4_wait_budget_baseline_0m_g200_l15_pac8_sb3000_sp2500_20260901_spiopt/exp4_32_s3_r1_n3.log,3000,2500,200,8,sync_event_detect_to_frame_read,1000,126,126,126.0,2063,6.108,PASS
wait_budget_baseline,r1,sensor,N3,/Users/songchieon/Desktop/DWM3000/logs/exp4_wait_budget_baseline_0m_g200_l15_pac8_sb3000_sp2500_20260901_spiopt/exp4_32_s3_r1_n3.log,3000,2500,200,8,sync_event_detect_to_beacon_ready,1000,153,658,153.505,2063,31.895,PASS
wait_budget_baseline,r1,sensor,N3,/Users/songchieon/Desktop/DWM3000/logs/exp4_wait_budget_baseline_0m_g200_l15_pac8_sb3000_sp2500_20260901_spiopt/exp4_32_s3_r1_n3.log,3000,2500,200,8,sensor_data_phy_config,1000,990,990,990.0,2063,47.988,PASS
wait_budget_baseline,r1,sensor,N3,/Users/songchieon/Desktop/DWM3000/logs/exp4_wait_budget_baseline_0m_g200_l15_pac8_sb3000_sp2500_20260901_spiopt/exp4_32_s3_r1_n3.log,3000,2500,200,8,sensor_tx_buffer_write,1000,73,73,73.0,2063,3.539,PASS
wait_budget_baseline,r1,sensor,N3,/Users/songchieon/Desktop/DWM3000/logs/exp4_wait_budget_baseline_0m_g200_l15_pac8_sb3000_sp2500_20260901_spiopt/exp4_32_s3_r1_n3.log,3000,2500,200,8,sensor_delayed_tx_arm_call,1000,174,174,174.0,2063,8.434,PASS
wait_budget_baseline,r1,sensor,N4,/Users/songchieon/Desktop/DWM3000/logs/exp4_wait_budget_baseline_0m_g200_l15_pac8_sb3000_sp2500_20260901_spiopt/exp4_32_s3_r1_n4.log,3000,2500,200,8,sync_event_detect_to_frame_read,1000,126,126,126.0,2030,6.207,PASS
wait_budget_baseline,r1,sensor,N4,/Users/songchieon/Desktop/DWM3000/logs/exp4_wait_budget_baseline_0m_g200_l15_pac8_sb3000_sp2500_20260901_spiopt/exp4_32_s3_r1_n4.log,3000,2500,200,8,sync_event_detect_to_beacon_ready,1000,153,615,153.462,2030,30.296,PASS
wait_budget_baseline,r1,sensor,N4,/Users/songchieon/Desktop/DWM3000/logs/exp4_wait_budget_baseline_0m_g200_l15_pac8_sb3000_sp2500_20260901_spiopt/exp4_32_s3_r1_n4.log,3000,2500,200,8,sensor_data_phy_config,1000,990,990,990.0,2030,48.768,PASS
wait_budget_baseline,r1,sensor,N4,/Users/songchieon/Desktop/DWM3000/logs/exp4_wait_budget_baseline_0m_g200_l15_pac8_sb3000_sp2500_20260901_spiopt/exp4_32_s3_r1_n4.log,3000,2500,200,8,sensor_tx_buffer_write,1000,73,73,73.0,2030,3.596,PASS
wait_budget_baseline,r1,sensor,N4,/Users/songchieon/Desktop/DWM3000/logs/exp4_wait_budget_baseline_0m_g200_l15_pac8_sb3000_sp2500_20260901_spiopt/exp4_32_s3_r1_n4.log,3000,2500,200,8,sensor_delayed_tx_arm_call,1000,174,174,174.0,2030,8.571,PASS
wait_budget_baseline_fix,r2,sensor,N2,/Users/songchieon/Desktop/DWM3000/logs/exp4_wait_budget_baseline_fix_0m_g200_l15_pac8_sb3000_sp2500_20260901_spiopt/exp4_32_s3_r2_n2.log,3000,2500,200,8,sync_event_detect_to_frame_read,1000,126,126,126.0,2040,6.176,PASS
wait_budget_baseline_fix,r2,sensor,N2,/Users/songchieon/Desktop/DWM3000/logs/exp4_wait_budget_baseline_fix_0m_g200_l15_pac8_sb3000_sp2500_20260901_spiopt/exp4_32_s3_r2_n2.log,3000,2500,200,8,sync_event_detect_to_beacon_ready,1000,153,642,153.489,2040,31.471,PASS
wait_budget_baseline_fix,r2,sensor,N2,/Users/songchieon/Desktop/DWM3000/logs/exp4_wait_budget_baseline_fix_0m_g200_l15_pac8_sb3000_sp2500_20260901_spiopt/exp4_32_s3_r2_n2.log,3000,2500,200,8,sensor_data_phy_config,1000,991,991,991.0,2040,48.578,PASS
wait_budget_baseline_fix,r2,sensor,N2,/Users/songchieon/Desktop/DWM3000/logs/exp4_wait_budget_baseline_fix_0m_g200_l15_pac8_sb3000_sp2500_20260901_spiopt/exp4_32_s3_r2_n2.log,3000,2500,200,8,sensor_tx_buffer_write,1000,73,73,73.0,2040,3.578,PASS
wait_budget_baseline_fix,r2,sensor,N2,/Users/songchieon/Desktop/DWM3000/logs/exp4_wait_budget_baseline_fix_0m_g200_l15_pac8_sb3000_sp2500_20260901_spiopt/exp4_32_s3_r2_n2.log,3000,2500,200,8,sensor_delayed_tx_arm_call,1000,174,174,174.0,2040,8.529,PASS
wait_budget_baseline_fix,r2,sensor,N3,/Users/songchieon/Desktop/DWM3000/logs/exp4_wait_budget_baseline_fix_0m_g200_l15_pac8_sb3000_sp2500_20260901_spiopt/exp4_32_s3_r2_n3.log,3000,2500,200,8,sync_event_detect_to_frame_read,1000,126,126,126.0,2111,5.969,PASS
wait_budget_baseline_fix,r2,sensor,N3,/Users/songchieon/Desktop/DWM3000/logs/exp4_wait_budget_baseline_fix_0m_g200_l15_pac8_sb3000_sp2500_20260901_spiopt/exp4_32_s3_r2_n3.log,3000,2500,200,8,sync_event_detect_to_beacon_ready,1000,153,685,153.532,2111,32.449,PASS
wait_budget_baseline_fix,r2,sensor,N3,/Users/songchieon/Desktop/DWM3000/logs/exp4_wait_budget_baseline_fix_0m_g200_l15_pac8_sb3000_sp2500_20260901_spiopt/exp4_32_s3_r2_n3.log,3000,2500,200,8,sensor_data_phy_config,1000,991,991,991.0,2111,46.945,PASS
wait_budget_baseline_fix,r2,sensor,N3,/Users/songchieon/Desktop/DWM3000/logs/exp4_wait_budget_baseline_fix_0m_g200_l15_pac8_sb3000_sp2500_20260901_spiopt/exp4_32_s3_r2_n3.log,3000,2500,200,8,sensor_tx_buffer_write,1000,73,73,73.0,2111,3.458,PASS
wait_budget_baseline_fix,r2,sensor,N3,/Users/songchieon/Desktop/DWM3000/logs/exp4_wait_budget_baseline_fix_0m_g200_l15_pac8_sb3000_sp2500_20260901_spiopt/exp4_32_s3_r2_n3.log,3000,2500,200,8,sensor_delayed_tx_arm_call,1000,174,174,174.0,2111,8.243,PASS
wait_budget_baseline_fix,r2,sensor,N4,/Users/songchieon/Desktop/DWM3000/logs/exp4_wait_budget_baseline_fix_0m_g200_l15_pac8_sb3000_sp2500_20260901_spiopt/exp4_32_s3_r2_n4.log,3000,2500,200,8,sync_event_detect_to_frame_read,999,126,126,126.0,2081,6.055,PASS
wait_budget_baseline_fix,r2,sensor,N4,/Users/songchieon/Desktop/DWM3000/logs/exp4_wait_budget_baseline_fix_0m_g200_l15_pac8_sb3000_sp2500_20260901_spiopt/exp4_32_s3_r2_n4.log,3000,2500,200,8,sync_event_detect_to_beacon_ready,999,153,685,153.532,2081,32.917,PASS
wait_budget_baseline_fix,r2,sensor,N4,/Users/songchieon/Desktop/DWM3000/logs/exp4_wait_budget_baseline_fix_0m_g200_l15_pac8_sb3000_sp2500_20260901_spiopt/exp4_32_s3_r2_n4.log,3000,2500,200,8,sensor_data_phy_config,999,991,991,991.0,2081,47.621,PASS
wait_budget_baseline_fix,r2,sensor,N4,/Users/songchieon/Desktop/DWM3000/logs/exp4_wait_budget_baseline_fix_0m_g200_l15_pac8_sb3000_sp2500_20260901_spiopt/exp4_32_s3_r2_n4.log,3000,2500,200,8,sensor_tx_buffer_write,999,73,73,73.0,2081,3.508,PASS
wait_budget_baseline_fix,r2,sensor,N4,/Users/songchieon/Desktop/DWM3000/logs/exp4_wait_budget_baseline_fix_0m_g200_l15_pac8_sb3000_sp2500_20260901_spiopt/exp4_32_s3_r2_n4.log,3000,2500,200,8,sensor_delayed_tx_arm_call,999,174,174,174.0,2081,8.361,PASS
wait_budget_baseline_fix,r3,sensor,N2,/Users/songchieon/Desktop/DWM3000/logs/exp4_wait_budget_baseline_fix_0m_g200_l15_pac8_sb3000_sp2500_20260901_spiopt/exp4_32_s3_r3_n2.log,3000,2500,200,8,sync_event_detect_to_frame_read,1000,126,126,126.0,2091,6.026,PASS
wait_budget_baseline_fix,r3,sensor,N2,/Users/songchieon/Desktop/DWM3000/logs/exp4_wait_budget_baseline_fix_0m_g200_l15_pac8_sb3000_sp2500_20260901_spiopt/exp4_32_s3_r3_n2.log,3000,2500,200,8,sync_event_detect_to_beacon_ready,1000,153,685,153.532,2091,32.759,PASS
wait_budget_baseline_fix,r3,sensor,N2,/Users/songchieon/Desktop/DWM3000/logs/exp4_wait_budget_baseline_fix_0m_g200_l15_pac8_sb3000_sp2500_20260901_spiopt/exp4_32_s3_r3_n2.log,3000,2500,200,8,sensor_data_phy_config,1000,991,991,991.0,2091,47.394,PASS
wait_budget_baseline_fix,r3,sensor,N2,/Users/songchieon/Desktop/DWM3000/logs/exp4_wait_budget_baseline_fix_0m_g200_l15_pac8_sb3000_sp2500_20260901_spiopt/exp4_32_s3_r3_n2.log,3000,2500,200,8,sensor_tx_buffer_write,1000,73,73,73.0,2091,3.491,PASS
wait_budget_baseline_fix,r3,sensor,N2,/Users/songchieon/Desktop/DWM3000/logs/exp4_wait_budget_baseline_fix_0m_g200_l15_pac8_sb3000_sp2500_20260901_spiopt/exp4_32_s3_r3_n2.log,3000,2500,200,8,sensor_delayed_tx_arm_call,1000,174,174,174.0,2091,8.321,PASS
wait_budget_baseline_fix,r3,sensor,N3,/Users/songchieon/Desktop/DWM3000/logs/exp4_wait_budget_baseline_fix_0m_g200_l15_pac8_sb3000_sp2500_20260901_spiopt/exp4_32_s3_r3_n3.log,3000,2500,200,8,sync_event_detect_to_frame_read,1000,126,126,126.0,2049,6.149,PASS
wait_budget_baseline_fix,r3,sensor,N3,/Users/songchieon/Desktop/DWM3000/logs/exp4_wait_budget_baseline_fix_0m_g200_l15_pac8_sb3000_sp2500_20260901_spiopt/exp4_32_s3_r3_n3.log,3000,2500,200,8,sync_event_detect_to_beacon_ready,1000,153,642,153.489,2049,31.332,PASS
wait_budget_baseline_fix,r3,sensor,N3,/Users/songchieon/Desktop/DWM3000/logs/exp4_wait_budget_baseline_fix_0m_g200_l15_pac8_sb3000_sp2500_20260901_spiopt/exp4_32_s3_r3_n3.log,3000,2500,200,8,sensor_data_phy_config,1000,991,991,991.0,2049,48.365,PASS
wait_budget_baseline_fix,r3,sensor,N3,/Users/songchieon/Desktop/DWM3000/logs/exp4_wait_budget_baseline_fix_0m_g200_l15_pac8_sb3000_sp2500_20260901_spiopt/exp4_32_s3_r3_n3.log,3000,2500,200,8,sensor_tx_buffer_write,1000,73,73,73.0,2049,3.563,PASS
wait_budget_baseline_fix,r3,sensor,N3,/Users/songchieon/Desktop/DWM3000/logs/exp4_wait_budget_baseline_fix_0m_g200_l15_pac8_sb3000_sp2500_20260901_spiopt/exp4_32_s3_r3_n3.log,3000,2500,200,8,sensor_delayed_tx_arm_call,1000,174,174,174.0,2049,8.492,PASS
wait_budget_baseline_fix,r3,sensor,N4,/Users/songchieon/Desktop/DWM3000/logs/exp4_wait_budget_baseline_fix_0m_g200_l15_pac8_sb3000_sp2500_20260901_spiopt/exp4_32_s3_r3_n4.log,3000,2500,200,8,sync_event_detect_to_frame_read,1000,126,126,126.0,2087,6.037,PASS
wait_budget_baseline_fix,r3,sensor,N4,/Users/songchieon/Desktop/DWM3000/logs/exp4_wait_budget_baseline_fix_0m_g200_l15_pac8_sb3000_sp2500_20260901_spiopt/exp4_32_s3_r3_n4.log,3000,2500,200,8,sync_event_detect_to_beacon_ready,1000,153,685,153.532,2087,32.822,PASS
wait_budget_baseline_fix,r3,sensor,N4,/Users/songchieon/Desktop/DWM3000/logs/exp4_wait_budget_baseline_fix_0m_g200_l15_pac8_sb3000_sp2500_20260901_spiopt/exp4_32_s3_r3_n4.log,3000,2500,200,8,sensor_data_phy_config,1000,991,991,991.0,2087,47.484,PASS
wait_budget_baseline_fix,r3,sensor,N4,/Users/songchieon/Desktop/DWM3000/logs/exp4_wait_budget_baseline_fix_0m_g200_l15_pac8_sb3000_sp2500_20260901_spiopt/exp4_32_s3_r3_n4.log,3000,2500,200,8,sensor_tx_buffer_write,1000,73,73,73.0,2087,3.498,PASS
wait_budget_baseline_fix,r3,sensor,N4,/Users/songchieon/Desktop/DWM3000/logs/exp4_wait_budget_baseline_fix_0m_g200_l15_pac8_sb3000_sp2500_20260901_spiopt/exp4_32_s3_r3_n4.log,3000,2500,200,8,sensor_delayed_tx_arm_call,1000,174,174,174.0,2087,8.337,PASS
wait_buffer_sweep,r1,sensor,N2,/Users/songchieon/Desktop/DWM3000/logs/exp4_wait_buffer_sweep_0m_g200_l15_pac8_sb1600_sp2500_20260901_spiopt/exp4_32_s3_r1_n2.log,1600,2500,200,8,sync_event_detect_to_frame_read,1000,126,126,126.0,1581,7.97,PASS
wait_buffer_sweep,r1,sensor,N2,/Users/songchieon/Desktop/DWM3000/logs/exp4_wait_buffer_sweep_0m_g200_l15_pac8_sb1600_sp2500_20260901_spiopt/exp4_32_s3_r1_n2.log,1600,2500,200,8,sync_event_detect_to_beacon_ready,1000,153,153,153.0,1581,9.677,PASS
wait_buffer_sweep,r1,sensor,N2,/Users/songchieon/Desktop/DWM3000/logs/exp4_wait_buffer_sweep_0m_g200_l15_pac8_sb1600_sp2500_20260901_spiopt/exp4_32_s3_r1_n2.log,1600,2500,200,8,sensor_data_phy_config,1000,991,991,991.0,1581,62.682,PASS
wait_buffer_sweep,r1,sensor,N2,/Users/songchieon/Desktop/DWM3000/logs/exp4_wait_buffer_sweep_0m_g200_l15_pac8_sb1600_sp2500_20260901_spiopt/exp4_32_s3_r1_n2.log,1600,2500,200,8,sensor_tx_buffer_write,1000,73,73,73.0,1581,4.617,PASS
wait_buffer_sweep,r1,sensor,N2,/Users/songchieon/Desktop/DWM3000/logs/exp4_wait_buffer_sweep_0m_g200_l15_pac8_sb1600_sp2500_20260901_spiopt/exp4_32_s3_r1_n2.log,1600,2500,200,8,sensor_delayed_tx_arm_call,1000,174,174,174.0,1581,11.006,PASS
wait_buffer_sweep,r1,sensor,N3,/Users/songchieon/Desktop/DWM3000/logs/exp4_wait_buffer_sweep_0m_g200_l15_pac8_sb1600_sp2500_20260901_spiopt/exp4_32_s3_r1_n3.log,1600,2500,200,8,sync_event_detect_to_frame_read,1000,126,126,126.0,1599,7.88,PASS
wait_buffer_sweep,r1,sensor,N3,/Users/songchieon/Desktop/DWM3000/logs/exp4_wait_buffer_sweep_0m_g200_l15_pac8_sb1600_sp2500_20260901_spiopt/exp4_32_s3_r1_n3.log,1600,2500,200,8,sync_event_detect_to_beacon_ready,1000,153,153,153.0,1599,9.568,PASS
wait_buffer_sweep,r1,sensor,N3,/Users/songchieon/Desktop/DWM3000/logs/exp4_wait_buffer_sweep_0m_g200_l15_pac8_sb1600_sp2500_20260901_spiopt/exp4_32_s3_r1_n3.log,1600,2500,200,8,sensor_data_phy_config,1000,991,991,991.0,1599,61.976,PASS
wait_buffer_sweep,r1,sensor,N3,/Users/songchieon/Desktop/DWM3000/logs/exp4_wait_buffer_sweep_0m_g200_l15_pac8_sb1600_sp2500_20260901_spiopt/exp4_32_s3_r1_n3.log,1600,2500,200,8,sensor_tx_buffer_write,1000,73,73,73.0,1599,4.565,PASS
wait_buffer_sweep,r1,sensor,N3,/Users/songchieon/Desktop/DWM3000/logs/exp4_wait_buffer_sweep_0m_g200_l15_pac8_sb1600_sp2500_20260901_spiopt/exp4_32_s3_r1_n3.log,1600,2500,200,8,sensor_delayed_tx_arm_call,1000,174,174,174.0,1599,10.882,PASS
wait_buffer_sweep,r1,sensor,N4,/Users/songchieon/Desktop/DWM3000/logs/exp4_wait_buffer_sweep_0m_g200_l15_pac8_sb1600_sp2500_20260901_spiopt/exp4_32_s3_r1_n4.log,1600,2500,200,8,sync_event_detect_to_frame_read,1000,126,126,126.0,1595,7.9,PASS
wait_buffer_sweep,r1,sensor,N4,/Users/songchieon/Desktop/DWM3000/logs/exp4_wait_buffer_sweep_0m_g200_l15_pac8_sb1600_sp2500_20260901_spiopt/exp4_32_s3_r1_n4.log,1600,2500,200,8,sync_event_detect_to_beacon_ready,1000,153,153,153.0,1595,9.592,PASS
wait_buffer_sweep,r1,sensor,N4,/Users/songchieon/Desktop/DWM3000/logs/exp4_wait_buffer_sweep_0m_g200_l15_pac8_sb1600_sp2500_20260901_spiopt/exp4_32_s3_r1_n4.log,1600,2500,200,8,sensor_data_phy_config,1000,991,991,991.0,1595,62.132,PASS
wait_buffer_sweep,r1,sensor,N4,/Users/songchieon/Desktop/DWM3000/logs/exp4_wait_buffer_sweep_0m_g200_l15_pac8_sb1600_sp2500_20260901_spiopt/exp4_32_s3_r1_n4.log,1600,2500,200,8,sensor_tx_buffer_write,1000,73,73,73.0,1595,4.577,PASS
wait_buffer_sweep,r1,sensor,N4,/Users/songchieon/Desktop/DWM3000/logs/exp4_wait_buffer_sweep_0m_g200_l15_pac8_sb1600_sp2500_20260901_spiopt/exp4_32_s3_r1_n4.log,1600,2500,200,8,sensor_delayed_tx_arm_call,1000,174,174,174.0,1595,10.909,PASS
wait_buffer_sweep,r1,sensor,N2,/Users/songchieon/Desktop/DWM3000/logs/exp4_wait_buffer_sweep_0m_g200_l15_pac8_sb1750_sp2500_20260901_spiopt/exp4_32_s3_r1_n2.log,1750,2500,200,8,sync_event_detect_to_frame_read,1000,126,126,126.0,1580,7.975,PASS
wait_buffer_sweep,r1,sensor,N2,/Users/songchieon/Desktop/DWM3000/logs/exp4_wait_buffer_sweep_0m_g200_l15_pac8_sb1750_sp2500_20260901_spiopt/exp4_32_s3_r1_n2.log,1750,2500,200,8,sync_event_detect_to_beacon_ready,1000,153,153,153.0,1580,9.684,PASS
wait_buffer_sweep,r1,sensor,N2,/Users/songchieon/Desktop/DWM3000/logs/exp4_wait_buffer_sweep_0m_g200_l15_pac8_sb1750_sp2500_20260901_spiopt/exp4_32_s3_r1_n2.log,1750,2500,200,8,sensor_data_phy_config,1000,991,991,991.0,1580,62.722,PASS
wait_buffer_sweep,r1,sensor,N2,/Users/songchieon/Desktop/DWM3000/logs/exp4_wait_buffer_sweep_0m_g200_l15_pac8_sb1750_sp2500_20260901_spiopt/exp4_32_s3_r1_n2.log,1750,2500,200,8,sensor_tx_buffer_write,1000,73,73,73.0,1580,4.62,PASS
wait_buffer_sweep,r1,sensor,N2,/Users/songchieon/Desktop/DWM3000/logs/exp4_wait_buffer_sweep_0m_g200_l15_pac8_sb1750_sp2500_20260901_spiopt/exp4_32_s3_r1_n2.log,1750,2500,200,8,sensor_delayed_tx_arm_call,1000,174,174,174.0,1580,11.013,PASS
wait_buffer_sweep,r1,sensor,N3,/Users/songchieon/Desktop/DWM3000/logs/exp4_wait_buffer_sweep_0m_g200_l15_pac8_sb1750_sp2500_20260901_spiopt/exp4_32_s3_r1_n3.log,1750,2500,200,8,sync_event_detect_to_frame_read,1000,126,126,126.0,1599,7.88,PASS
wait_buffer_sweep,r1,sensor,N3,/Users/songchieon/Desktop/DWM3000/logs/exp4_wait_buffer_sweep_0m_g200_l15_pac8_sb1750_sp2500_20260901_spiopt/exp4_32_s3_r1_n3.log,1750,2500,200,8,sync_event_detect_to_beacon_ready,1000,153,153,153.0,1599,9.568,PASS
wait_buffer_sweep,r1,sensor,N3,/Users/songchieon/Desktop/DWM3000/logs/exp4_wait_buffer_sweep_0m_g200_l15_pac8_sb1750_sp2500_20260901_spiopt/exp4_32_s3_r1_n3.log,1750,2500,200,8,sensor_data_phy_config,1000,991,991,991.0,1599,61.976,PASS
wait_buffer_sweep,r1,sensor,N3,/Users/songchieon/Desktop/DWM3000/logs/exp4_wait_buffer_sweep_0m_g200_l15_pac8_sb1750_sp2500_20260901_spiopt/exp4_32_s3_r1_n3.log,1750,2500,200,8,sensor_tx_buffer_write,1000,73,73,73.0,1599,4.565,PASS
wait_buffer_sweep,r1,sensor,N3,/Users/songchieon/Desktop/DWM3000/logs/exp4_wait_buffer_sweep_0m_g200_l15_pac8_sb1750_sp2500_20260901_spiopt/exp4_32_s3_r1_n3.log,1750,2500,200,8,sensor_delayed_tx_arm_call,1000,174,174,174.0,1599,10.882,PASS
wait_buffer_sweep,r1,sensor,N4,/Users/songchieon/Desktop/DWM3000/logs/exp4_wait_buffer_sweep_0m_g200_l15_pac8_sb1750_sp2500_20260901_spiopt/exp4_32_s3_r1_n4.log,1750,2500,200,8,sync_event_detect_to_frame_read,1000,126,126,126.0,1594,7.905,PASS
wait_buffer_sweep,r1,sensor,N4,/Users/songchieon/Desktop/DWM3000/logs/exp4_wait_buffer_sweep_0m_g200_l15_pac8_sb1750_sp2500_20260901_spiopt/exp4_32_s3_r1_n4.log,1750,2500,200,8,sync_event_detect_to_beacon_ready,1000,153,153,153.0,1594,9.598,PASS
wait_buffer_sweep,r1,sensor,N4,/Users/songchieon/Desktop/DWM3000/logs/exp4_wait_buffer_sweep_0m_g200_l15_pac8_sb1750_sp2500_20260901_spiopt/exp4_32_s3_r1_n4.log,1750,2500,200,8,sensor_data_phy_config,1000,991,991,991.0,1594,62.171,PASS
wait_buffer_sweep,r1,sensor,N4,/Users/songchieon/Desktop/DWM3000/logs/exp4_wait_buffer_sweep_0m_g200_l15_pac8_sb1750_sp2500_20260901_spiopt/exp4_32_s3_r1_n4.log,1750,2500,200,8,sensor_tx_buffer_write,1000,73,73,73.0,1594,4.58,PASS
wait_buffer_sweep,r1,sensor,N4,/Users/songchieon/Desktop/DWM3000/logs/exp4_wait_buffer_sweep_0m_g200_l15_pac8_sb1750_sp2500_20260901_spiopt/exp4_32_s3_r1_n4.log,1750,2500,200,8,sensor_delayed_tx_arm_call,1000,174,174,174.0,1594,10.916,PASS
wait_buffer_sweep,r1,sensor,N2,/Users/songchieon/Desktop/DWM3000/logs/exp4_wait_buffer_sweep_0m_g200_l15_pac8_sb2000_sp2500_20260901_spiopt/exp4_32_s3_r1_n2.log,2000,2500,200,8,sync_event_detect_to_frame_read,1000,126,126,126.0,1581,7.97,PASS
wait_buffer_sweep,r1,sensor,N2,/Users/songchieon/Desktop/DWM3000/logs/exp4_wait_buffer_sweep_0m_g200_l15_pac8_sb2000_sp2500_20260901_spiopt/exp4_32_s3_r1_n2.log,2000,2500,200,8,sync_event_detect_to_beacon_ready,1000,153,153,153.0,1581,9.677,PASS
wait_buffer_sweep,r1,sensor,N2,/Users/songchieon/Desktop/DWM3000/logs/exp4_wait_buffer_sweep_0m_g200_l15_pac8_sb2000_sp2500_20260901_spiopt/exp4_32_s3_r1_n2.log,2000,2500,200,8,sensor_data_phy_config,1000,991,991,991.0,1581,62.682,PASS
wait_buffer_sweep,r1,sensor,N2,/Users/songchieon/Desktop/DWM3000/logs/exp4_wait_buffer_sweep_0m_g200_l15_pac8_sb2000_sp2500_20260901_spiopt/exp4_32_s3_r1_n2.log,2000,2500,200,8,sensor_tx_buffer_write,1000,73,73,73.0,1581,4.617,PASS
wait_buffer_sweep,r1,sensor,N2,/Users/songchieon/Desktop/DWM3000/logs/exp4_wait_buffer_sweep_0m_g200_l15_pac8_sb2000_sp2500_20260901_spiopt/exp4_32_s3_r1_n2.log,2000,2500,200,8,sensor_delayed_tx_arm_call,1000,174,174,174.0,1581,11.006,PASS
wait_buffer_sweep,r1,sensor,N3,/Users/songchieon/Desktop/DWM3000/logs/exp4_wait_buffer_sweep_0m_g200_l15_pac8_sb2000_sp2500_20260901_spiopt/exp4_32_s3_r1_n3.log,2000,2500,200,8,sync_event_detect_to_frame_read,1000,126,126,126.0,1600,7.875,PASS
wait_buffer_sweep,r1,sensor,N3,/Users/songchieon/Desktop/DWM3000/logs/exp4_wait_buffer_sweep_0m_g200_l15_pac8_sb2000_sp2500_20260901_spiopt/exp4_32_s3_r1_n3.log,2000,2500,200,8,sync_event_detect_to_beacon_ready,1000,153,153,153.0,1600,9.562,PASS
wait_buffer_sweep,r1,sensor,N3,/Users/songchieon/Desktop/DWM3000/logs/exp4_wait_buffer_sweep_0m_g200_l15_pac8_sb2000_sp2500_20260901_spiopt/exp4_32_s3_r1_n3.log,2000,2500,200,8,sensor_data_phy_config,1000,991,991,991.0,1600,61.938,PASS
wait_buffer_sweep,r1,sensor,N3,/Users/songchieon/Desktop/DWM3000/logs/exp4_wait_buffer_sweep_0m_g200_l15_pac8_sb2000_sp2500_20260901_spiopt/exp4_32_s3_r1_n3.log,2000,2500,200,8,sensor_tx_buffer_write,1000,73,73,73.0,1600,4.562,PASS
wait_buffer_sweep,r1,sensor,N3,/Users/songchieon/Desktop/DWM3000/logs/exp4_wait_buffer_sweep_0m_g200_l15_pac8_sb2000_sp2500_20260901_spiopt/exp4_32_s3_r1_n3.log,2000,2500,200,8,sensor_delayed_tx_arm_call,1000,174,174,174.0,1600,10.875,PASS
wait_buffer_sweep,r1,sensor,N4,/Users/songchieon/Desktop/DWM3000/logs/exp4_wait_buffer_sweep_0m_g200_l15_pac8_sb2000_sp2500_20260901_spiopt/exp4_32_s3_r1_n4.log,2000,2500,200,8,sync_event_detect_to_frame_read,1000,126,126,126.0,1594,7.905,PASS
wait_buffer_sweep,r1,sensor,N4,/Users/songchieon/Desktop/DWM3000/logs/exp4_wait_buffer_sweep_0m_g200_l15_pac8_sb2000_sp2500_20260901_spiopt/exp4_32_s3_r1_n4.log,2000,2500,200,8,sync_event_detect_to_beacon_ready,1000,153,153,153.0,1594,9.598,PASS
wait_buffer_sweep,r1,sensor,N4,/Users/songchieon/Desktop/DWM3000/logs/exp4_wait_buffer_sweep_0m_g200_l15_pac8_sb2000_sp2500_20260901_spiopt/exp4_32_s3_r1_n4.log,2000,2500,200,8,sensor_data_phy_config,1000,991,991,991.0,1594,62.171,PASS
wait_buffer_sweep,r1,sensor,N4,/Users/songchieon/Desktop/DWM3000/logs/exp4_wait_buffer_sweep_0m_g200_l15_pac8_sb2000_sp2500_20260901_spiopt/exp4_32_s3_r1_n4.log,2000,2500,200,8,sensor_tx_buffer_write,1000,73,73,73.0,1594,4.58,PASS
wait_buffer_sweep,r1,sensor,N4,/Users/songchieon/Desktop/DWM3000/logs/exp4_wait_buffer_sweep_0m_g200_l15_pac8_sb2000_sp2500_20260901_spiopt/exp4_32_s3_r1_n4.log,2000,2500,200,8,sensor_delayed_tx_arm_call,1000,174,174,174.0,1594,10.916,PASS
wait_buffer_sweep,r1,sensor,N2,/Users/songchieon/Desktop/DWM3000/logs/exp4_wait_buffer_sweep_0m_g200_l15_pac8_sb2500_sp2500_20260901_spiopt/exp4_32_s3_r1_n2.log,2500,2500,200,8,sync_event_detect_to_frame_read,1000,126,126,126.0,2074,6.075,PASS
wait_buffer_sweep,r1,sensor,N2,/Users/songchieon/Desktop/DWM3000/logs/exp4_wait_buffer_sweep_0m_g200_l15_pac8_sb2500_sp2500_20260901_spiopt/exp4_32_s3_r1_n2.log,2500,2500,200,8,sync_event_detect_to_beacon_ready,1000,153,685,153.532,2074,33.028,PASS
wait_buffer_sweep,r1,sensor,N2,/Users/songchieon/Desktop/DWM3000/logs/exp4_wait_buffer_sweep_0m_g200_l15_pac8_sb2500_sp2500_20260901_spiopt/exp4_32_s3_r1_n2.log,2500,2500,200,8,sensor_data_phy_config,1000,991,991,991.0,2074,47.782,PASS
wait_buffer_sweep,r1,sensor,N2,/Users/songchieon/Desktop/DWM3000/logs/exp4_wait_buffer_sweep_0m_g200_l15_pac8_sb2500_sp2500_20260901_spiopt/exp4_32_s3_r1_n2.log,2500,2500,200,8,sensor_tx_buffer_write,1000,73,73,73.0,2074,3.52,PASS
wait_buffer_sweep,r1,sensor,N2,/Users/songchieon/Desktop/DWM3000/logs/exp4_wait_buffer_sweep_0m_g200_l15_pac8_sb2500_sp2500_20260901_spiopt/exp4_32_s3_r1_n2.log,2500,2500,200,8,sensor_delayed_tx_arm_call,1000,174,174,174.0,2074,8.39,PASS
wait_buffer_sweep,r1,sensor,N3,/Users/songchieon/Desktop/DWM3000/logs/exp4_wait_buffer_sweep_0m_g200_l15_pac8_sb2500_sp2500_20260901_spiopt/exp4_32_s3_r1_n3.log,2500,2500,200,8,sync_event_detect_to_frame_read,1000,126,126,126.0,2120,5.943,PASS
wait_buffer_sweep,r1,sensor,N3,/Users/songchieon/Desktop/DWM3000/logs/exp4_wait_buffer_sweep_0m_g200_l15_pac8_sb2500_sp2500_20260901_spiopt/exp4_32_s3_r1_n3.log,2500,2500,200,8,sync_event_detect_to_beacon_ready,1000,153,685,153.532,2120,32.311,PASS
wait_buffer_sweep,r1,sensor,N3,/Users/songchieon/Desktop/DWM3000/logs/exp4_wait_buffer_sweep_0m_g200_l15_pac8_sb2500_sp2500_20260901_spiopt/exp4_32_s3_r1_n3.log,2500,2500,200,8,sensor_data_phy_config,1000,991,991,991.0,2120,46.745,PASS
wait_buffer_sweep,r1,sensor,N3,/Users/songchieon/Desktop/DWM3000/logs/exp4_wait_buffer_sweep_0m_g200_l15_pac8_sb2500_sp2500_20260901_spiopt/exp4_32_s3_r1_n3.log,2500,2500,200,8,sensor_tx_buffer_write,1000,73,73,73.0,2120,3.443,PASS
wait_buffer_sweep,r1,sensor,N3,/Users/songchieon/Desktop/DWM3000/logs/exp4_wait_buffer_sweep_0m_g200_l15_pac8_sb2500_sp2500_20260901_spiopt/exp4_32_s3_r1_n3.log,2500,2500,200,8,sensor_delayed_tx_arm_call,1000,174,174,174.0,2120,8.208,PASS
wait_buffer_sweep,r1,sensor,N4,/Users/songchieon/Desktop/DWM3000/logs/exp4_wait_buffer_sweep_0m_g200_l15_pac8_sb2500_sp2500_20260901_spiopt/exp4_32_s3_r1_n4.log,2500,2500,200,8,sync_event_detect_to_frame_read,1000,126,126,126.0,2074,6.075,PASS
wait_buffer_sweep,r1,sensor,N4,/Users/songchieon/Desktop/DWM3000/logs/exp4_wait_buffer_sweep_0m_g200_l15_pac8_sb2500_sp2500_20260901_spiopt/exp4_32_s3_r1_n4.log,2500,2500,200,8,sync_event_detect_to_beacon_ready,1000,153,642,153.489,2074,30.955,PASS
wait_buffer_sweep,r1,sensor,N4,/Users/songchieon/Desktop/DWM3000/logs/exp4_wait_buffer_sweep_0m_g200_l15_pac8_sb2500_sp2500_20260901_spiopt/exp4_32_s3_r1_n4.log,2500,2500,200,8,sensor_data_phy_config,1000,991,991,991.0,2074,47.782,PASS
wait_buffer_sweep,r1,sensor,N4,/Users/songchieon/Desktop/DWM3000/logs/exp4_wait_buffer_sweep_0m_g200_l15_pac8_sb2500_sp2500_20260901_spiopt/exp4_32_s3_r1_n4.log,2500,2500,200,8,sensor_tx_buffer_write,1000,73,73,73.0,2074,3.52,PASS
wait_buffer_sweep,r1,sensor,N4,/Users/songchieon/Desktop/DWM3000/logs/exp4_wait_buffer_sweep_0m_g200_l15_pac8_sb2500_sp2500_20260901_spiopt/exp4_32_s3_r1_n4.log,2500,2500,200,8,sensor_delayed_tx_arm_call,1000,174,174,174.0,2074,8.39,PASS
wait_buffer_sweep,r3,sensor,N2,/Users/songchieon/Desktop/DWM3000/logs/exp4_wait_buffer_sweep_0m_g200_l15_pac8_sb2500_sp2500_20260901_spiopt/exp4_32_s3_r3_n2.log,2500,2500,200,8,sync_event_detect_to_frame_read,1000,126,126,126.0,1594,7.905,PASS
wait_buffer_sweep,r3,sensor,N2,/Users/songchieon/Desktop/DWM3000/logs/exp4_wait_buffer_sweep_0m_g200_l15_pac8_sb2500_sp2500_20260901_spiopt/exp4_32_s3_r3_n2.log,2500,2500,200,8,sync_event_detect_to_beacon_ready,1000,153,153,153.0,1594,9.598,PASS
wait_buffer_sweep,r3,sensor,N2,/Users/songchieon/Desktop/DWM3000/logs/exp4_wait_buffer_sweep_0m_g200_l15_pac8_sb2500_sp2500_20260901_spiopt/exp4_32_s3_r3_n2.log,2500,2500,200,8,sensor_data_phy_config,1000,991,991,991.0,1594,62.171,PASS
wait_buffer_sweep,r3,sensor,N2,/Users/songchieon/Desktop/DWM3000/logs/exp4_wait_buffer_sweep_0m_g200_l15_pac8_sb2500_sp2500_20260901_spiopt/exp4_32_s3_r3_n2.log,2500,2500,200,8,sensor_tx_buffer_write,1000,73,73,73.0,1594,4.58,PASS
wait_buffer_sweep,r3,sensor,N2,/Users/songchieon/Desktop/DWM3000/logs/exp4_wait_buffer_sweep_0m_g200_l15_pac8_sb2500_sp2500_20260901_spiopt/exp4_32_s3_r3_n2.log,2500,2500,200,8,sensor_delayed_tx_arm_call,1000,174,174,174.0,1594,10.916,PASS
wait_buffer_sweep,r3,sensor,N3,/Users/songchieon/Desktop/DWM3000/logs/exp4_wait_buffer_sweep_0m_g200_l15_pac8_sb2500_sp2500_20260901_spiopt/exp4_32_s3_r3_n3.log,2500,2500,200,8,sync_event_detect_to_frame_read,1000,126,126,126.0,1580,7.975,PASS
wait_buffer_sweep,r3,sensor,N3,/Users/songchieon/Desktop/DWM3000/logs/exp4_wait_buffer_sweep_0m_g200_l15_pac8_sb2500_sp2500_20260901_spiopt/exp4_32_s3_r3_n3.log,2500,2500,200,8,sync_event_detect_to_beacon_ready,1000,153,153,153.0,1580,9.684,PASS
wait_buffer_sweep,r3,sensor,N3,/Users/songchieon/Desktop/DWM3000/logs/exp4_wait_buffer_sweep_0m_g200_l15_pac8_sb2500_sp2500_20260901_spiopt/exp4_32_s3_r3_n3.log,2500,2500,200,8,sensor_data_phy_config,1000,991,991,991.0,1580,62.722,PASS
wait_buffer_sweep,r3,sensor,N3,/Users/songchieon/Desktop/DWM3000/logs/exp4_wait_buffer_sweep_0m_g200_l15_pac8_sb2500_sp2500_20260901_spiopt/exp4_32_s3_r3_n3.log,2500,2500,200,8,sensor_tx_buffer_write,1000,73,73,73.0,1580,4.62,PASS
wait_buffer_sweep,r3,sensor,N3,/Users/songchieon/Desktop/DWM3000/logs/exp4_wait_buffer_sweep_0m_g200_l15_pac8_sb2500_sp2500_20260901_spiopt/exp4_32_s3_r3_n3.log,2500,2500,200,8,sensor_delayed_tx_arm_call,1000,174,174,174.0,1580,11.013,PASS
wait_buffer_sweep,r3,sensor,N4,/Users/songchieon/Desktop/DWM3000/logs/exp4_wait_buffer_sweep_0m_g200_l15_pac8_sb2500_sp2500_20260901_spiopt/exp4_32_s3_r3_n4.log,2500,2500,200,8,sync_event_detect_to_frame_read,1000,126,126,126.0,1600,7.875,PASS
wait_buffer_sweep,r3,sensor,N4,/Users/songchieon/Desktop/DWM3000/logs/exp4_wait_buffer_sweep_0m_g200_l15_pac8_sb2500_sp2500_20260901_spiopt/exp4_32_s3_r3_n4.log,2500,2500,200,8,sync_event_detect_to_beacon_ready,1000,153,153,153.0,1600,9.562,PASS
wait_buffer_sweep,r3,sensor,N4,/Users/songchieon/Desktop/DWM3000/logs/exp4_wait_buffer_sweep_0m_g200_l15_pac8_sb2500_sp2500_20260901_spiopt/exp4_32_s3_r3_n4.log,2500,2500,200,8,sensor_data_phy_config,1000,991,991,991.0,1600,61.938,PASS
wait_buffer_sweep,r3,sensor,N4,/Users/songchieon/Desktop/DWM3000/logs/exp4_wait_buffer_sweep_0m_g200_l15_pac8_sb2500_sp2500_20260901_spiopt/exp4_32_s3_r3_n4.log,2500,2500,200,8,sensor_tx_buffer_write,1000,73,73,73.0,1600,4.562,PASS
wait_buffer_sweep,r3,sensor,N4,/Users/songchieon/Desktop/DWM3000/logs/exp4_wait_buffer_sweep_0m_g200_l15_pac8_sb2500_sp2500_20260901_spiopt/exp4_32_s3_r3_n4.log,2500,2500,200,8,sensor_delayed_tx_arm_call,1000,174,174,174.0,1600,10.875,PASS
wait_capacity19,r1,sensor,N2,/Users/songchieon/Desktop/DWM3000/logs/exp4_wait_capacity19_0m_g200_l15_pac8_sb2000_sp2000_seq2342342342342342342_20260902_spiopt/exp4_32_s3_r1_n2.log,2000,2000,200,8,sync_event_detect_to_frame_read,1000,126,126,126.0,1625,7.754,PASS
wait_capacity19,r1,sensor,N2,/Users/songchieon/Desktop/DWM3000/logs/exp4_wait_capacity19_0m_g200_l15_pac8_sb2000_sp2000_seq2342342342342342342_20260902_spiopt/exp4_32_s3_r1_n2.log,2000,2000,200,8,sync_event_detect_to_beacon_ready,1000,196,196,196.0,1625,12.062,PASS
wait_capacity19,r1,sensor,N2,/Users/songchieon/Desktop/DWM3000/logs/exp4_wait_capacity19_0m_g200_l15_pac8_sb2000_sp2000_seq2342342342342342342_20260902_spiopt/exp4_32_s3_r1_n2.log,2000,2000,200,8,sensor_data_phy_config,1000,991,991,991.0,1625,60.985,PASS
wait_capacity19,r1,sensor,N2,/Users/songchieon/Desktop/DWM3000/logs/exp4_wait_capacity19_0m_g200_l15_pac8_sb2000_sp2000_seq2342342342342342342_20260902_spiopt/exp4_32_s3_r1_n2.log,2000,2000,200,8,sensor_tx_buffer_write,1000,73,73,73.0,1625,4.492,PASS
wait_capacity19,r1,sensor,N2,/Users/songchieon/Desktop/DWM3000/logs/exp4_wait_capacity19_0m_g200_l15_pac8_sb2000_sp2000_seq2342342342342342342_20260902_spiopt/exp4_32_s3_r1_n2.log,2000,2000,200,8,sensor_delayed_tx_arm_call,1000,174,174,174.0,1625,10.708,PASS
wait_capacity19,r1,sensor,N3,/Users/songchieon/Desktop/DWM3000/logs/exp4_wait_capacity19_0m_g200_l15_pac8_sb2000_sp2000_seq2342342342342342342_20260902_spiopt/exp4_32_s3_r1_n3.log,2000,2000,200,8,sync_event_detect_to_frame_read,1000,126,126,126.0,1641,7.678,PASS
wait_capacity19,r1,sensor,N3,/Users/songchieon/Desktop/DWM3000/logs/exp4_wait_capacity19_0m_g200_l15_pac8_sb2000_sp2000_seq2342342342342342342_20260902_spiopt/exp4_32_s3_r1_n3.log,2000,2000,200,8,sync_event_detect_to_beacon_ready,1000,195,196,195.001,1641,11.944,PASS
wait_capacity19,r1,sensor,N3,/Users/songchieon/Desktop/DWM3000/logs/exp4_wait_capacity19_0m_g200_l15_pac8_sb2000_sp2000_seq2342342342342342342_20260902_spiopt/exp4_32_s3_r1_n3.log,2000,2000,200,8,sensor_data_phy_config,1000,991,991,991.0,1641,60.39,PASS
wait_capacity19,r1,sensor,N3,/Users/songchieon/Desktop/DWM3000/logs/exp4_wait_capacity19_0m_g200_l15_pac8_sb2000_sp2000_seq2342342342342342342_20260902_spiopt/exp4_32_s3_r1_n3.log,2000,2000,200,8,sensor_tx_buffer_write,1000,73,73,73.0,1641,4.449,PASS
wait_capacity19,r1,sensor,N3,/Users/songchieon/Desktop/DWM3000/logs/exp4_wait_capacity19_0m_g200_l15_pac8_sb2000_sp2000_seq2342342342342342342_20260902_spiopt/exp4_32_s3_r1_n3.log,2000,2000,200,8,sensor_delayed_tx_arm_call,1000,174,174,174.0,1641,10.603,PASS
wait_capacity19,r1,sensor,N4,/Users/songchieon/Desktop/DWM3000/logs/exp4_wait_capacity19_0m_g200_l15_pac8_sb2000_sp2000_seq2342342342342342342_20260902_spiopt/exp4_32_s3_r1_n4.log,2000,2000,200,8,sync_event_detect_to_frame_read,1000,126,126,126.0,1635,7.706,PASS
wait_capacity19,r1,sensor,N4,/Users/songchieon/Desktop/DWM3000/logs/exp4_wait_capacity19_0m_g200_l15_pac8_sb2000_sp2000_seq2342342342342342342_20260902_spiopt/exp4_32_s3_r1_n4.log,2000,2000,200,8,sync_event_detect_to_beacon_ready,1000,195,196,195.001,1635,11.988,PASS
wait_capacity19,r1,sensor,N4,/Users/songchieon/Desktop/DWM3000/logs/exp4_wait_capacity19_0m_g200_l15_pac8_sb2000_sp2000_seq2342342342342342342_20260902_spiopt/exp4_32_s3_r1_n4.log,2000,2000,200,8,sensor_data_phy_config,1000,991,991,991.0,1635,60.612,PASS
wait_capacity19,r1,sensor,N4,/Users/songchieon/Desktop/DWM3000/logs/exp4_wait_capacity19_0m_g200_l15_pac8_sb2000_sp2000_seq2342342342342342342_20260902_spiopt/exp4_32_s3_r1_n4.log,2000,2000,200,8,sensor_tx_buffer_write,1000,73,73,73.0,1635,4.465,PASS
wait_capacity19,r1,sensor,N4,/Users/songchieon/Desktop/DWM3000/logs/exp4_wait_capacity19_0m_g200_l15_pac8_sb2000_sp2000_seq2342342342342342342_20260902_spiopt/exp4_32_s3_r1_n4.log,2000,2000,200,8,sensor_delayed_tx_arm_call,1000,174,174,174.0,1635,10.642,PASS
wait_capacity20,r1,sensor,N2,/Users/songchieon/Desktop/DWM3000/logs/exp4_wait_capacity20_0m_g200_l15_pac8_sb2000_sp2000_seq23423423423423423423_20260902_spiopt/exp4_32_s3_r1_n2.log,2000,2000,200,8,sync_event_detect_to_frame_read,502,126,126,126.0,1626,7.749,PASS
wait_capacity20,r1,sensor,N2,/Users/songchieon/Desktop/DWM3000/logs/exp4_wait_capacity20_0m_g200_l15_pac8_sb2000_sp2000_seq23423423423423423423_20260902_spiopt/exp4_32_s3_r1_n2.log,2000,2000,200,8,sync_event_detect_to_beacon_ready,502,198,198,198.0,1626,12.177,PASS
wait_capacity20,r1,sensor,N2,/Users/songchieon/Desktop/DWM3000/logs/exp4_wait_capacity20_0m_g200_l15_pac8_sb2000_sp2000_seq23423423423423423423_20260902_spiopt/exp4_32_s3_r1_n2.log,2000,2000,200,8,sensor_data_phy_config,502,991,991,991.0,1626,60.947,PASS
wait_capacity20,r1,sensor,N2,/Users/songchieon/Desktop/DWM3000/logs/exp4_wait_capacity20_0m_g200_l15_pac8_sb2000_sp2000_seq23423423423423423423_20260902_spiopt/exp4_32_s3_r1_n2.log,2000,2000,200,8,sensor_tx_buffer_write,502,73,73,73.0,1626,4.49,PASS
wait_capacity20,r1,sensor,N2,/Users/songchieon/Desktop/DWM3000/logs/exp4_wait_capacity20_0m_g200_l15_pac8_sb2000_sp2000_seq23423423423423423423_20260902_spiopt/exp4_32_s3_r1_n2.log,2000,2000,200,8,sensor_delayed_tx_arm_call,502,174,174,174.0,1626,10.701,PASS
wait_capacity20,r1,sensor,N3,/Users/songchieon/Desktop/DWM3000/logs/exp4_wait_capacity20_0m_g200_l15_pac8_sb2000_sp2000_seq23423423423423423423_20260902_spiopt/exp4_32_s3_r1_n3.log,2000,2000,200,8,sync_event_detect_to_frame_read,502,126,126,126.0,1644,7.664,PASS
wait_capacity20,r1,sensor,N3,/Users/songchieon/Desktop/DWM3000/logs/exp4_wait_capacity20_0m_g200_l15_pac8_sb2000_sp2000_seq23423423423423423423_20260902_spiopt/exp4_32_s3_r1_n3.log,2000,2000,200,8,sync_event_detect_to_beacon_ready,502,198,198,198.0,1644,12.044,PASS
wait_capacity20,r1,sensor,N3,/Users/songchieon/Desktop/DWM3000/logs/exp4_wait_capacity20_0m_g200_l15_pac8_sb2000_sp2000_seq23423423423423423423_20260902_spiopt/exp4_32_s3_r1_n3.log,2000,2000,200,8,sensor_data_phy_config,502,991,991,991.0,1644,60.28,PASS
wait_capacity20,r1,sensor,N3,/Users/songchieon/Desktop/DWM3000/logs/exp4_wait_capacity20_0m_g200_l15_pac8_sb2000_sp2000_seq23423423423423423423_20260902_spiopt/exp4_32_s3_r1_n3.log,2000,2000,200,8,sensor_tx_buffer_write,502,73,73,73.0,1644,4.44,PASS
wait_capacity20,r1,sensor,N3,/Users/songchieon/Desktop/DWM3000/logs/exp4_wait_capacity20_0m_g200_l15_pac8_sb2000_sp2000_seq23423423423423423423_20260902_spiopt/exp4_32_s3_r1_n3.log,2000,2000,200,8,sensor_delayed_tx_arm_call,502,174,174,174.0,1644,10.584,PASS
wait_capacity20,r1,sensor,N4,/Users/songchieon/Desktop/DWM3000/logs/exp4_wait_capacity20_0m_g200_l15_pac8_sb2000_sp2000_seq23423423423423423423_20260902_spiopt/exp4_32_s3_r1_n4.log,2000,2000,200,8,sync_event_detect_to_frame_read,503,126,126,126.0,1637,7.697,PASS
wait_capacity20,r1,sensor,N4,/Users/songchieon/Desktop/DWM3000/logs/exp4_wait_capacity20_0m_g200_l15_pac8_sb2000_sp2000_seq23423423423423423423_20260902_spiopt/exp4_32_s3_r1_n4.log,2000,2000,200,8,sync_event_detect_to_beacon_ready,503,198,198,198.0,1637,12.095,PASS
wait_capacity20,r1,sensor,N4,/Users/songchieon/Desktop/DWM3000/logs/exp4_wait_capacity20_0m_g200_l15_pac8_sb2000_sp2000_seq23423423423423423423_20260902_spiopt/exp4_32_s3_r1_n4.log,2000,2000,200,8,sensor_data_phy_config,503,991,991,991.0,1637,60.538,PASS
wait_capacity20,r1,sensor,N4,/Users/songchieon/Desktop/DWM3000/logs/exp4_wait_capacity20_0m_g200_l15_pac8_sb2000_sp2000_seq23423423423423423423_20260902_spiopt/exp4_32_s3_r1_n4.log,2000,2000,200,8,sensor_tx_buffer_write,503,73,73,73.0,1637,4.459,PASS
wait_capacity20,r1,sensor,N4,/Users/songchieon/Desktop/DWM3000/logs/exp4_wait_capacity20_0m_g200_l15_pac8_sb2000_sp2000_seq23423423423423423423_20260902_spiopt/exp4_32_s3_r1_n4.log,2000,2000,200,8,sensor_delayed_tx_arm_call,503,174,174,174.0,1637,10.629,PASS
wait_guard_sweep,r1,sensor,N2,/Users/songchieon/Desktop/DWM3000/logs/exp4_wait_guard_sweep_0m_g100_l15_pac8_sb2000_sp2000_20260902_spiopt/exp4_32_s3_r1_n2.log,2000,2000,100,8,sync_event_detect_to_frame_read,1000,126,126,126.0,1582,7.965,PASS
wait_guard_sweep,r1,sensor,N2,/Users/songchieon/Desktop/DWM3000/logs/exp4_wait_guard_sweep_0m_g100_l15_pac8_sb2000_sp2000_20260902_spiopt/exp4_32_s3_r1_n2.log,2000,2000,100,8,sync_event_detect_to_beacon_ready,1000,153,153,153.0,1582,9.671,PASS
wait_guard_sweep,r1,sensor,N2,/Users/songchieon/Desktop/DWM3000/logs/exp4_wait_guard_sweep_0m_g100_l15_pac8_sb2000_sp2000_20260902_spiopt/exp4_32_s3_r1_n2.log,2000,2000,100,8,sensor_data_phy_config,1000,991,991,991.0,1582,62.642,PASS
wait_guard_sweep,r1,sensor,N2,/Users/songchieon/Desktop/DWM3000/logs/exp4_wait_guard_sweep_0m_g100_l15_pac8_sb2000_sp2000_20260902_spiopt/exp4_32_s3_r1_n2.log,2000,2000,100,8,sensor_tx_buffer_write,1000,73,73,73.0,1582,4.614,PASS
wait_guard_sweep,r1,sensor,N2,/Users/songchieon/Desktop/DWM3000/logs/exp4_wait_guard_sweep_0m_g100_l15_pac8_sb2000_sp2000_20260902_spiopt/exp4_32_s3_r1_n2.log,2000,2000,100,8,sensor_delayed_tx_arm_call,1000,174,174,174.0,1582,10.999,PASS
wait_guard_sweep,r1,sensor,N3,/Users/songchieon/Desktop/DWM3000/logs/exp4_wait_guard_sweep_0m_g100_l15_pac8_sb2000_sp2000_20260902_spiopt/exp4_32_s3_r1_n3.log,2000,2000,100,8,sync_event_detect_to_frame_read,1000,126,126,126.0,1600,7.875,PASS
wait_guard_sweep,r1,sensor,N3,/Users/songchieon/Desktop/DWM3000/logs/exp4_wait_guard_sweep_0m_g100_l15_pac8_sb2000_sp2000_20260902_spiopt/exp4_32_s3_r1_n3.log,2000,2000,100,8,sync_event_detect_to_beacon_ready,1000,153,153,153.0,1600,9.562,PASS
wait_guard_sweep,r1,sensor,N3,/Users/songchieon/Desktop/DWM3000/logs/exp4_wait_guard_sweep_0m_g100_l15_pac8_sb2000_sp2000_20260902_spiopt/exp4_32_s3_r1_n3.log,2000,2000,100,8,sensor_data_phy_config,1000,991,991,991.0,1600,61.938,PASS
wait_guard_sweep,r1,sensor,N3,/Users/songchieon/Desktop/DWM3000/logs/exp4_wait_guard_sweep_0m_g100_l15_pac8_sb2000_sp2000_20260902_spiopt/exp4_32_s3_r1_n3.log,2000,2000,100,8,sensor_tx_buffer_write,1000,73,73,73.0,1600,4.562,PASS
wait_guard_sweep,r1,sensor,N3,/Users/songchieon/Desktop/DWM3000/logs/exp4_wait_guard_sweep_0m_g100_l15_pac8_sb2000_sp2000_20260902_spiopt/exp4_32_s3_r1_n3.log,2000,2000,100,8,sensor_delayed_tx_arm_call,1000,174,174,174.0,1600,10.875,PASS
wait_guard_sweep,r1,sensor,N4,/Users/songchieon/Desktop/DWM3000/logs/exp4_wait_guard_sweep_0m_g100_l15_pac8_sb2000_sp2000_20260902_spiopt/exp4_32_s3_r1_n4.log,2000,2000,100,8,sync_event_detect_to_frame_read,1000,126,126,126.0,1593,7.91,PASS
wait_guard_sweep,r1,sensor,N4,/Users/songchieon/Desktop/DWM3000/logs/exp4_wait_guard_sweep_0m_g100_l15_pac8_sb2000_sp2000_20260902_spiopt/exp4_32_s3_r1_n4.log,2000,2000,100,8,sync_event_detect_to_beacon_ready,1000,153,153,153.0,1593,9.605,PASS
wait_guard_sweep,r1,sensor,N4,/Users/songchieon/Desktop/DWM3000/logs/exp4_wait_guard_sweep_0m_g100_l15_pac8_sb2000_sp2000_20260902_spiopt/exp4_32_s3_r1_n4.log,2000,2000,100,8,sensor_data_phy_config,1000,991,991,991.0,1593,62.21,PASS
wait_guard_sweep,r1,sensor,N4,/Users/songchieon/Desktop/DWM3000/logs/exp4_wait_guard_sweep_0m_g100_l15_pac8_sb2000_sp2000_20260902_spiopt/exp4_32_s3_r1_n4.log,2000,2000,100,8,sensor_tx_buffer_write,1000,73,73,73.0,1593,4.583,PASS
wait_guard_sweep,r1,sensor,N4,/Users/songchieon/Desktop/DWM3000/logs/exp4_wait_guard_sweep_0m_g100_l15_pac8_sb2000_sp2000_20260902_spiopt/exp4_32_s3_r1_n4.log,2000,2000,100,8,sensor_delayed_tx_arm_call,1000,174,174,174.0,1593,10.923,PASS
wait_guard_sweep,r1,sensor,N2,/Users/songchieon/Desktop/DWM3000/logs/exp4_wait_guard_sweep_0m_g150_l15_pac8_sb2000_sp2000_20260902_spiopt/exp4_32_s3_r1_n2.log,2000,2000,150,8,sync_event_detect_to_frame_read,1000,126,126,126.0,1581,7.97,PASS
wait_guard_sweep,r1,sensor,N2,/Users/songchieon/Desktop/DWM3000/logs/exp4_wait_guard_sweep_0m_g150_l15_pac8_sb2000_sp2000_20260902_spiopt/exp4_32_s3_r1_n2.log,2000,2000,150,8,sync_event_detect_to_beacon_ready,1000,153,153,153.0,1581,9.677,PASS
wait_guard_sweep,r1,sensor,N2,/Users/songchieon/Desktop/DWM3000/logs/exp4_wait_guard_sweep_0m_g150_l15_pac8_sb2000_sp2000_20260902_spiopt/exp4_32_s3_r1_n2.log,2000,2000,150,8,sensor_data_phy_config,1000,991,991,991.0,1581,62.682,PASS
wait_guard_sweep,r1,sensor,N2,/Users/songchieon/Desktop/DWM3000/logs/exp4_wait_guard_sweep_0m_g150_l15_pac8_sb2000_sp2000_20260902_spiopt/exp4_32_s3_r1_n2.log,2000,2000,150,8,sensor_tx_buffer_write,1000,73,73,73.0,1581,4.617,PASS
wait_guard_sweep,r1,sensor,N2,/Users/songchieon/Desktop/DWM3000/logs/exp4_wait_guard_sweep_0m_g150_l15_pac8_sb2000_sp2000_20260902_spiopt/exp4_32_s3_r1_n2.log,2000,2000,150,8,sensor_delayed_tx_arm_call,1000,174,174,174.0,1581,11.006,PASS
wait_guard_sweep,r1,sensor,N3,/Users/songchieon/Desktop/DWM3000/logs/exp4_wait_guard_sweep_0m_g150_l15_pac8_sb2000_sp2000_20260902_spiopt/exp4_32_s3_r1_n3.log,2000,2000,150,8,sync_event_detect_to_frame_read,1000,126,126,126.0,1599,7.88,PASS
wait_guard_sweep,r1,sensor,N3,/Users/songchieon/Desktop/DWM3000/logs/exp4_wait_guard_sweep_0m_g150_l15_pac8_sb2000_sp2000_20260902_spiopt/exp4_32_s3_r1_n3.log,2000,2000,150,8,sync_event_detect_to_beacon_ready,1000,153,153,153.0,1599,9.568,PASS
wait_guard_sweep,r1,sensor,N3,/Users/songchieon/Desktop/DWM3000/logs/exp4_wait_guard_sweep_0m_g150_l15_pac8_sb2000_sp2000_20260902_spiopt/exp4_32_s3_r1_n3.log,2000,2000,150,8,sensor_data_phy_config,1000,991,991,991.0,1599,61.976,PASS
wait_guard_sweep,r1,sensor,N3,/Users/songchieon/Desktop/DWM3000/logs/exp4_wait_guard_sweep_0m_g150_l15_pac8_sb2000_sp2000_20260902_spiopt/exp4_32_s3_r1_n3.log,2000,2000,150,8,sensor_tx_buffer_write,1000,73,73,73.0,1599,4.565,PASS
wait_guard_sweep,r1,sensor,N3,/Users/songchieon/Desktop/DWM3000/logs/exp4_wait_guard_sweep_0m_g150_l15_pac8_sb2000_sp2000_20260902_spiopt/exp4_32_s3_r1_n3.log,2000,2000,150,8,sensor_delayed_tx_arm_call,1000,174,174,174.0,1599,10.882,PASS
wait_guard_sweep,r1,sensor,N4,/Users/songchieon/Desktop/DWM3000/logs/exp4_wait_guard_sweep_0m_g150_l15_pac8_sb2000_sp2000_20260902_spiopt/exp4_32_s3_r1_n4.log,2000,2000,150,8,sync_event_detect_to_frame_read,1000,126,126,126.0,1592,7.915,PASS
wait_guard_sweep,r1,sensor,N4,/Users/songchieon/Desktop/DWM3000/logs/exp4_wait_guard_sweep_0m_g150_l15_pac8_sb2000_sp2000_20260902_spiopt/exp4_32_s3_r1_n4.log,2000,2000,150,8,sync_event_detect_to_beacon_ready,1000,153,153,153.0,1592,9.611,PASS
wait_guard_sweep,r1,sensor,N4,/Users/songchieon/Desktop/DWM3000/logs/exp4_wait_guard_sweep_0m_g150_l15_pac8_sb2000_sp2000_20260902_spiopt/exp4_32_s3_r1_n4.log,2000,2000,150,8,sensor_data_phy_config,1000,991,991,991.0,1592,62.249,PASS
wait_guard_sweep,r1,sensor,N4,/Users/songchieon/Desktop/DWM3000/logs/exp4_wait_guard_sweep_0m_g150_l15_pac8_sb2000_sp2000_20260902_spiopt/exp4_32_s3_r1_n4.log,2000,2000,150,8,sensor_tx_buffer_write,1000,73,73,73.0,1592,4.585,PASS
wait_guard_sweep,r1,sensor,N4,/Users/songchieon/Desktop/DWM3000/logs/exp4_wait_guard_sweep_0m_g150_l15_pac8_sb2000_sp2000_20260902_spiopt/exp4_32_s3_r1_n4.log,2000,2000,150,8,sensor_delayed_tx_arm_call,1000,174,174,174.0,1592,10.93,PASS
wait_guard_sweep,r1,sensor,N2,/Users/songchieon/Desktop/DWM3000/logs/exp4_wait_guard_sweep_0m_g75_l15_pac8_sb2000_sp2000_20260902_spiopt/exp4_32_s3_r1_n2.log,2000,2000,75,8,sync_event_detect_to_frame_read,1000,126,126,126.0,1583,7.96,PASS
wait_guard_sweep,r1,sensor,N2,/Users/songchieon/Desktop/DWM3000/logs/exp4_wait_guard_sweep_0m_g75_l15_pac8_sb2000_sp2000_20260902_spiopt/exp4_32_s3_r1_n2.log,2000,2000,75,8,sync_event_detect_to_beacon_ready,1000,153,153,153.0,1583,9.665,PASS
wait_guard_sweep,r1,sensor,N2,/Users/songchieon/Desktop/DWM3000/logs/exp4_wait_guard_sweep_0m_g75_l15_pac8_sb2000_sp2000_20260902_spiopt/exp4_32_s3_r1_n2.log,2000,2000,75,8,sensor_data_phy_config,1000,991,991,991.0,1583,62.603,PASS
wait_guard_sweep,r1,sensor,N2,/Users/songchieon/Desktop/DWM3000/logs/exp4_wait_guard_sweep_0m_g75_l15_pac8_sb2000_sp2000_20260902_spiopt/exp4_32_s3_r1_n2.log,2000,2000,75,8,sensor_tx_buffer_write,1000,73,73,73.0,1583,4.611,PASS
wait_guard_sweep,r1,sensor,N2,/Users/songchieon/Desktop/DWM3000/logs/exp4_wait_guard_sweep_0m_g75_l15_pac8_sb2000_sp2000_20260902_spiopt/exp4_32_s3_r1_n2.log,2000,2000,75,8,sensor_delayed_tx_arm_call,1000,174,174,174.0,1583,10.992,PASS
wait_guard_sweep,r1,sensor,N3,/Users/songchieon/Desktop/DWM3000/logs/exp4_wait_guard_sweep_0m_g75_l15_pac8_sb2000_sp2000_20260902_spiopt/exp4_32_s3_r1_n3.log,2000,2000,75,8,sync_event_detect_to_frame_read,1000,126,126,126.0,1600,7.875,PASS
wait_guard_sweep,r1,sensor,N3,/Users/songchieon/Desktop/DWM3000/logs/exp4_wait_guard_sweep_0m_g75_l15_pac8_sb2000_sp2000_20260902_spiopt/exp4_32_s3_r1_n3.log,2000,2000,75,8,sync_event_detect_to_beacon_ready,1000,153,153,153.0,1600,9.562,PASS
wait_guard_sweep,r1,sensor,N3,/Users/songchieon/Desktop/DWM3000/logs/exp4_wait_guard_sweep_0m_g75_l15_pac8_sb2000_sp2000_20260902_spiopt/exp4_32_s3_r1_n3.log,2000,2000,75,8,sensor_data_phy_config,1000,991,991,991.0,1600,61.938,PASS
wait_guard_sweep,r1,sensor,N3,/Users/songchieon/Desktop/DWM3000/logs/exp4_wait_guard_sweep_0m_g75_l15_pac8_sb2000_sp2000_20260902_spiopt/exp4_32_s3_r1_n3.log,2000,2000,75,8,sensor_tx_buffer_write,1000,73,73,73.0,1600,4.562,PASS
wait_guard_sweep,r1,sensor,N3,/Users/songchieon/Desktop/DWM3000/logs/exp4_wait_guard_sweep_0m_g75_l15_pac8_sb2000_sp2000_20260902_spiopt/exp4_32_s3_r1_n3.log,2000,2000,75,8,sensor_delayed_tx_arm_call,1000,174,174,174.0,1600,10.875,PASS
wait_guard_sweep,r1,sensor,N4,/Users/songchieon/Desktop/DWM3000/logs/exp4_wait_guard_sweep_0m_g75_l15_pac8_sb2000_sp2000_20260902_spiopt/exp4_32_s3_r1_n4.log,2000,2000,75,8,sync_event_detect_to_frame_read,1000,126,126,126.0,1592,7.915,PASS
wait_guard_sweep,r1,sensor,N4,/Users/songchieon/Desktop/DWM3000/logs/exp4_wait_guard_sweep_0m_g75_l15_pac8_sb2000_sp2000_20260902_spiopt/exp4_32_s3_r1_n4.log,2000,2000,75,8,sync_event_detect_to_beacon_ready,1000,153,153,153.0,1592,9.611,PASS
wait_guard_sweep,r1,sensor,N4,/Users/songchieon/Desktop/DWM3000/logs/exp4_wait_guard_sweep_0m_g75_l15_pac8_sb2000_sp2000_20260902_spiopt/exp4_32_s3_r1_n4.log,2000,2000,75,8,sensor_data_phy_config,1000,991,991,991.0,1592,62.249,PASS
wait_guard_sweep,r1,sensor,N4,/Users/songchieon/Desktop/DWM3000/logs/exp4_wait_guard_sweep_0m_g75_l15_pac8_sb2000_sp2000_20260902_spiopt/exp4_32_s3_r1_n4.log,2000,2000,75,8,sensor_tx_buffer_write,1000,73,73,73.0,1592,4.585,PASS
wait_guard_sweep,r1,sensor,N4,/Users/songchieon/Desktop/DWM3000/logs/exp4_wait_guard_sweep_0m_g75_l15_pac8_sb2000_sp2000_20260902_spiopt/exp4_32_s3_r1_n4.log,2000,2000,75,8,sensor_delayed_tx_arm_call,1000,174,174,174.0,1592,10.93,PASS
wait_interaction,r2,sensor,N2,/Users/songchieon/Desktop/DWM3000/logs/exp4_wait_interaction_0m_g200_l15_pac8_sb2000_sp2000_20260902_spiopt/exp4_32_s3_r2_n2.log,2000,2000,200,8,sync_event_detect_to_frame_read,1000,126,126,126.0,1601,7.87,PASS
wait_interaction,r2,sensor,N2,/Users/songchieon/Desktop/DWM3000/logs/exp4_wait_interaction_0m_g200_l15_pac8_sb2000_sp2000_20260902_spiopt/exp4_32_s3_r2_n2.log,2000,2000,200,8,sync_event_detect_to_beacon_ready,1000,153,153,153.0,1601,9.557,PASS
wait_interaction,r2,sensor,N2,/Users/songchieon/Desktop/DWM3000/logs/exp4_wait_interaction_0m_g200_l15_pac8_sb2000_sp2000_20260902_spiopt/exp4_32_s3_r2_n2.log,2000,2000,200,8,sensor_data_phy_config,1000,991,991,991.0,1601,61.899,PASS
wait_interaction,r2,sensor,N2,/Users/songchieon/Desktop/DWM3000/logs/exp4_wait_interaction_0m_g200_l15_pac8_sb2000_sp2000_20260902_spiopt/exp4_32_s3_r2_n2.log,2000,2000,200,8,sensor_tx_buffer_write,1000,73,73,73.0,1601,4.56,PASS
wait_interaction,r2,sensor,N2,/Users/songchieon/Desktop/DWM3000/logs/exp4_wait_interaction_0m_g200_l15_pac8_sb2000_sp2000_20260902_spiopt/exp4_32_s3_r2_n2.log,2000,2000,200,8,sensor_delayed_tx_arm_call,1000,174,174,174.0,1601,10.868,PASS
wait_interaction,r2,sensor,N3,/Users/songchieon/Desktop/DWM3000/logs/exp4_wait_interaction_0m_g200_l15_pac8_sb2000_sp2000_20260902_spiopt/exp4_32_s3_r2_n3.log,2000,2000,200,8,sync_event_detect_to_frame_read,1000,126,126,126.0,1593,7.91,PASS
wait_interaction,r2,sensor,N3,/Users/songchieon/Desktop/DWM3000/logs/exp4_wait_interaction_0m_g200_l15_pac8_sb2000_sp2000_20260902_spiopt/exp4_32_s3_r2_n3.log,2000,2000,200,8,sync_event_detect_to_beacon_ready,1000,153,153,153.0,1593,9.605,PASS
wait_interaction,r2,sensor,N3,/Users/songchieon/Desktop/DWM3000/logs/exp4_wait_interaction_0m_g200_l15_pac8_sb2000_sp2000_20260902_spiopt/exp4_32_s3_r2_n3.log,2000,2000,200,8,sensor_data_phy_config,1000,991,991,991.0,1593,62.21,PASS
wait_interaction,r2,sensor,N3,/Users/songchieon/Desktop/DWM3000/logs/exp4_wait_interaction_0m_g200_l15_pac8_sb2000_sp2000_20260902_spiopt/exp4_32_s3_r2_n3.log,2000,2000,200,8,sensor_tx_buffer_write,1000,73,73,73.0,1593,4.583,PASS
wait_interaction,r2,sensor,N3,/Users/songchieon/Desktop/DWM3000/logs/exp4_wait_interaction_0m_g200_l15_pac8_sb2000_sp2000_20260902_spiopt/exp4_32_s3_r2_n3.log,2000,2000,200,8,sensor_delayed_tx_arm_call,1000,174,174,174.0,1593,10.923,PASS
wait_interaction,r2,sensor,N4,/Users/songchieon/Desktop/DWM3000/logs/exp4_wait_interaction_0m_g200_l15_pac8_sb2000_sp2000_20260902_spiopt/exp4_32_s3_r2_n4.log,2000,2000,200,8,sync_event_detect_to_frame_read,1000,126,126,126.0,1582,7.965,PASS
wait_interaction,r2,sensor,N4,/Users/songchieon/Desktop/DWM3000/logs/exp4_wait_interaction_0m_g200_l15_pac8_sb2000_sp2000_20260902_spiopt/exp4_32_s3_r2_n4.log,2000,2000,200,8,sync_event_detect_to_beacon_ready,1000,153,153,153.0,1582,9.671,PASS
wait_interaction,r2,sensor,N4,/Users/songchieon/Desktop/DWM3000/logs/exp4_wait_interaction_0m_g200_l15_pac8_sb2000_sp2000_20260902_spiopt/exp4_32_s3_r2_n4.log,2000,2000,200,8,sensor_data_phy_config,1000,991,991,991.0,1582,62.642,PASS
wait_interaction,r2,sensor,N4,/Users/songchieon/Desktop/DWM3000/logs/exp4_wait_interaction_0m_g200_l15_pac8_sb2000_sp2000_20260902_spiopt/exp4_32_s3_r2_n4.log,2000,2000,200,8,sensor_tx_buffer_write,1000,73,73,73.0,1582,4.614,PASS
wait_interaction,r2,sensor,N4,/Users/songchieon/Desktop/DWM3000/logs/exp4_wait_interaction_0m_g200_l15_pac8_sb2000_sp2000_20260902_spiopt/exp4_32_s3_r2_n4.log,2000,2000,200,8,sensor_delayed_tx_arm_call,1000,174,174,174.0,1582,10.999,PASS
wait_interaction,r3,sensor,N2,/Users/songchieon/Desktop/DWM3000/logs/exp4_wait_interaction_0m_g200_l15_pac8_sb2000_sp2000_20260902_spiopt/exp4_32_s3_r3_n2.log,2000,2000,200,8,sync_event_detect_to_frame_read,1000,126,126,126.0,1592,7.915,PASS
wait_interaction,r3,sensor,N2,/Users/songchieon/Desktop/DWM3000/logs/exp4_wait_interaction_0m_g200_l15_pac8_sb2000_sp2000_20260902_spiopt/exp4_32_s3_r3_n2.log,2000,2000,200,8,sync_event_detect_to_beacon_ready,1000,153,153,153.0,1592,9.611,PASS
wait_interaction,r3,sensor,N2,/Users/songchieon/Desktop/DWM3000/logs/exp4_wait_interaction_0m_g200_l15_pac8_sb2000_sp2000_20260902_spiopt/exp4_32_s3_r3_n2.log,2000,2000,200,8,sensor_data_phy_config,1000,991,991,991.0,1592,62.249,PASS
wait_interaction,r3,sensor,N2,/Users/songchieon/Desktop/DWM3000/logs/exp4_wait_interaction_0m_g200_l15_pac8_sb2000_sp2000_20260902_spiopt/exp4_32_s3_r3_n2.log,2000,2000,200,8,sensor_tx_buffer_write,1000,73,73,73.0,1592,4.585,PASS
wait_interaction,r3,sensor,N2,/Users/songchieon/Desktop/DWM3000/logs/exp4_wait_interaction_0m_g200_l15_pac8_sb2000_sp2000_20260902_spiopt/exp4_32_s3_r3_n2.log,2000,2000,200,8,sensor_delayed_tx_arm_call,1000,174,174,174.0,1592,10.93,PASS
wait_interaction,r3,sensor,N3,/Users/songchieon/Desktop/DWM3000/logs/exp4_wait_interaction_0m_g200_l15_pac8_sb2000_sp2000_20260902_spiopt/exp4_32_s3_r3_n3.log,2000,2000,200,8,sync_event_detect_to_frame_read,1000,126,126,126.0,1581,7.97,PASS
wait_interaction,r3,sensor,N3,/Users/songchieon/Desktop/DWM3000/logs/exp4_wait_interaction_0m_g200_l15_pac8_sb2000_sp2000_20260902_spiopt/exp4_32_s3_r3_n3.log,2000,2000,200,8,sync_event_detect_to_beacon_ready,1000,153,153,153.0,1581,9.677,PASS
wait_interaction,r3,sensor,N3,/Users/songchieon/Desktop/DWM3000/logs/exp4_wait_interaction_0m_g200_l15_pac8_sb2000_sp2000_20260902_spiopt/exp4_32_s3_r3_n3.log,2000,2000,200,8,sensor_data_phy_config,1000,991,991,991.0,1581,62.682,PASS
wait_interaction,r3,sensor,N3,/Users/songchieon/Desktop/DWM3000/logs/exp4_wait_interaction_0m_g200_l15_pac8_sb2000_sp2000_20260902_spiopt/exp4_32_s3_r3_n3.log,2000,2000,200,8,sensor_tx_buffer_write,1000,73,73,73.0,1581,4.617,PASS
wait_interaction,r3,sensor,N3,/Users/songchieon/Desktop/DWM3000/logs/exp4_wait_interaction_0m_g200_l15_pac8_sb2000_sp2000_20260902_spiopt/exp4_32_s3_r3_n3.log,2000,2000,200,8,sensor_delayed_tx_arm_call,1000,174,174,174.0,1581,11.006,PASS
wait_interaction,r3,sensor,N4,/Users/songchieon/Desktop/DWM3000/logs/exp4_wait_interaction_0m_g200_l15_pac8_sb2000_sp2000_20260902_spiopt/exp4_32_s3_r3_n4.log,2000,2000,200,8,sync_event_detect_to_frame_read,1000,126,126,126.0,1600,7.875,PASS
wait_interaction,r3,sensor,N4,/Users/songchieon/Desktop/DWM3000/logs/exp4_wait_interaction_0m_g200_l15_pac8_sb2000_sp2000_20260902_spiopt/exp4_32_s3_r3_n4.log,2000,2000,200,8,sync_event_detect_to_beacon_ready,1000,153,153,153.0,1600,9.562,PASS
wait_interaction,r3,sensor,N4,/Users/songchieon/Desktop/DWM3000/logs/exp4_wait_interaction_0m_g200_l15_pac8_sb2000_sp2000_20260902_spiopt/exp4_32_s3_r3_n4.log,2000,2000,200,8,sensor_data_phy_config,1000,991,991,991.0,1600,61.938,PASS
wait_interaction,r3,sensor,N4,/Users/songchieon/Desktop/DWM3000/logs/exp4_wait_interaction_0m_g200_l15_pac8_sb2000_sp2000_20260902_spiopt/exp4_32_s3_r3_n4.log,2000,2000,200,8,sensor_tx_buffer_write,1000,73,73,73.0,1600,4.562,PASS
wait_interaction,r3,sensor,N4,/Users/songchieon/Desktop/DWM3000/logs/exp4_wait_interaction_0m_g200_l15_pac8_sb2000_sp2000_20260902_spiopt/exp4_32_s3_r3_n4.log,2000,2000,200,8,sensor_delayed_tx_arm_call,1000,174,174,174.0,1600,10.875,PASS
wait_interaction,r4,sensor,N2,/Users/songchieon/Desktop/DWM3000/logs/exp4_wait_interaction_0m_g200_l15_pac8_sb2000_sp2000_20260902_spiopt/exp4_32_s3_r4_n2.log,2000,2000,200,8,sync_event_detect_to_frame_read,1000,126,126,126.0,1582,7.965,PASS
wait_interaction,r4,sensor,N2,/Users/songchieon/Desktop/DWM3000/logs/exp4_wait_interaction_0m_g200_l15_pac8_sb2000_sp2000_20260902_spiopt/exp4_32_s3_r4_n2.log,2000,2000,200,8,sync_event_detect_to_beacon_ready,1000,153,153,153.0,1582,9.671,PASS
wait_interaction,r4,sensor,N2,/Users/songchieon/Desktop/DWM3000/logs/exp4_wait_interaction_0m_g200_l15_pac8_sb2000_sp2000_20260902_spiopt/exp4_32_s3_r4_n2.log,2000,2000,200,8,sensor_data_phy_config,1000,991,991,991.0,1582,62.642,PASS
wait_interaction,r4,sensor,N2,/Users/songchieon/Desktop/DWM3000/logs/exp4_wait_interaction_0m_g200_l15_pac8_sb2000_sp2000_20260902_spiopt/exp4_32_s3_r4_n2.log,2000,2000,200,8,sensor_tx_buffer_write,1000,73,73,73.0,1582,4.614,PASS
wait_interaction,r4,sensor,N2,/Users/songchieon/Desktop/DWM3000/logs/exp4_wait_interaction_0m_g200_l15_pac8_sb2000_sp2000_20260902_spiopt/exp4_32_s3_r4_n2.log,2000,2000,200,8,sensor_delayed_tx_arm_call,1000,174,174,174.0,1582,10.999,PASS
wait_interaction,r4,sensor,N3,/Users/songchieon/Desktop/DWM3000/logs/exp4_wait_interaction_0m_g200_l15_pac8_sb2000_sp2000_20260902_spiopt/exp4_32_s3_r4_n3.log,2000,2000,200,8,sync_event_detect_to_frame_read,1000,126,126,126.0,1600,7.875,PASS
wait_interaction,r4,sensor,N3,/Users/songchieon/Desktop/DWM3000/logs/exp4_wait_interaction_0m_g200_l15_pac8_sb2000_sp2000_20260902_spiopt/exp4_32_s3_r4_n3.log,2000,2000,200,8,sync_event_detect_to_beacon_ready,1000,153,153,153.0,1600,9.562,PASS
wait_interaction,r4,sensor,N3,/Users/songchieon/Desktop/DWM3000/logs/exp4_wait_interaction_0m_g200_l15_pac8_sb2000_sp2000_20260902_spiopt/exp4_32_s3_r4_n3.log,2000,2000,200,8,sensor_data_phy_config,1000,991,991,991.0,1600,61.938,PASS
wait_interaction,r4,sensor,N3,/Users/songchieon/Desktop/DWM3000/logs/exp4_wait_interaction_0m_g200_l15_pac8_sb2000_sp2000_20260902_spiopt/exp4_32_s3_r4_n3.log,2000,2000,200,8,sensor_tx_buffer_write,1000,73,73,73.0,1600,4.562,PASS
wait_interaction,r4,sensor,N3,/Users/songchieon/Desktop/DWM3000/logs/exp4_wait_interaction_0m_g200_l15_pac8_sb2000_sp2000_20260902_spiopt/exp4_32_s3_r4_n3.log,2000,2000,200,8,sensor_delayed_tx_arm_call,1000,174,174,174.0,1600,10.875,PASS
wait_interaction,r4,sensor,N4,/Users/songchieon/Desktop/DWM3000/logs/exp4_wait_interaction_0m_g200_l15_pac8_sb2000_sp2000_20260902_spiopt/exp4_32_s3_r4_n4.log,2000,2000,200,8,sync_event_detect_to_frame_read,1000,126,126,126.0,1593,7.91,PASS
wait_interaction,r4,sensor,N4,/Users/songchieon/Desktop/DWM3000/logs/exp4_wait_interaction_0m_g200_l15_pac8_sb2000_sp2000_20260902_spiopt/exp4_32_s3_r4_n4.log,2000,2000,200,8,sync_event_detect_to_beacon_ready,1000,153,153,153.0,1593,9.605,PASS
wait_interaction,r4,sensor,N4,/Users/songchieon/Desktop/DWM3000/logs/exp4_wait_interaction_0m_g200_l15_pac8_sb2000_sp2000_20260902_spiopt/exp4_32_s3_r4_n4.log,2000,2000,200,8,sensor_data_phy_config,1000,991,991,991.0,1593,62.21,PASS
wait_interaction,r4,sensor,N4,/Users/songchieon/Desktop/DWM3000/logs/exp4_wait_interaction_0m_g200_l15_pac8_sb2000_sp2000_20260902_spiopt/exp4_32_s3_r4_n4.log,2000,2000,200,8,sensor_tx_buffer_write,1000,73,73,73.0,1593,4.583,PASS
wait_interaction,r4,sensor,N4,/Users/songchieon/Desktop/DWM3000/logs/exp4_wait_interaction_0m_g200_l15_pac8_sb2000_sp2000_20260902_spiopt/exp4_32_s3_r4_n4.log,2000,2000,200,8,sensor_delayed_tx_arm_call,1000,174,174,174.0,1593,10.923,PASS
wait_prep_sweep,r3,sensor,N2,/Users/songchieon/Desktop/DWM3000/logs/exp4_wait_prep_sweep_0m_g200_l15_pac8_sb3000_sp2000_20260901_spiopt/exp4_32_s3_r3_n2.log,3000,2000,200,8,sync_event_detect_to_frame_read,1000,126,126,126.0,1594,7.905,PASS
wait_prep_sweep,r3,sensor,N2,/Users/songchieon/Desktop/DWM3000/logs/exp4_wait_prep_sweep_0m_g200_l15_pac8_sb3000_sp2000_20260901_spiopt/exp4_32_s3_r3_n2.log,3000,2000,200,8,sync_event_detect_to_beacon_ready,1000,153,153,153.0,1594,9.598,PASS
wait_prep_sweep,r3,sensor,N2,/Users/songchieon/Desktop/DWM3000/logs/exp4_wait_prep_sweep_0m_g200_l15_pac8_sb3000_sp2000_20260901_spiopt/exp4_32_s3_r3_n2.log,3000,2000,200,8,sensor_data_phy_config,1000,991,991,991.0,1594,62.171,PASS
wait_prep_sweep,r3,sensor,N2,/Users/songchieon/Desktop/DWM3000/logs/exp4_wait_prep_sweep_0m_g200_l15_pac8_sb3000_sp2000_20260901_spiopt/exp4_32_s3_r3_n2.log,3000,2000,200,8,sensor_tx_buffer_write,1000,73,73,73.0,1594,4.58,PASS
wait_prep_sweep,r3,sensor,N2,/Users/songchieon/Desktop/DWM3000/logs/exp4_wait_prep_sweep_0m_g200_l15_pac8_sb3000_sp2000_20260901_spiopt/exp4_32_s3_r3_n2.log,3000,2000,200,8,sensor_delayed_tx_arm_call,1000,174,174,174.0,1594,10.916,PASS
wait_prep_sweep,r3,sensor,N3,/Users/songchieon/Desktop/DWM3000/logs/exp4_wait_prep_sweep_0m_g200_l15_pac8_sb3000_sp2000_20260901_spiopt/exp4_32_s3_r3_n3.log,3000,2000,200,8,sync_event_detect_to_frame_read,1000,126,126,126.0,1582,7.965,PASS
wait_prep_sweep,r3,sensor,N3,/Users/songchieon/Desktop/DWM3000/logs/exp4_wait_prep_sweep_0m_g200_l15_pac8_sb3000_sp2000_20260901_spiopt/exp4_32_s3_r3_n3.log,3000,2000,200,8,sync_event_detect_to_beacon_ready,1000,153,153,153.0,1582,9.671,PASS
wait_prep_sweep,r3,sensor,N3,/Users/songchieon/Desktop/DWM3000/logs/exp4_wait_prep_sweep_0m_g200_l15_pac8_sb3000_sp2000_20260901_spiopt/exp4_32_s3_r3_n3.log,3000,2000,200,8,sensor_data_phy_config,1000,991,991,991.0,1582,62.642,PASS
wait_prep_sweep,r3,sensor,N3,/Users/songchieon/Desktop/DWM3000/logs/exp4_wait_prep_sweep_0m_g200_l15_pac8_sb3000_sp2000_20260901_spiopt/exp4_32_s3_r3_n3.log,3000,2000,200,8,sensor_tx_buffer_write,1000,73,73,73.0,1582,4.614,PASS
wait_prep_sweep,r3,sensor,N3,/Users/songchieon/Desktop/DWM3000/logs/exp4_wait_prep_sweep_0m_g200_l15_pac8_sb3000_sp2000_20260901_spiopt/exp4_32_s3_r3_n3.log,3000,2000,200,8,sensor_delayed_tx_arm_call,1000,174,174,174.0,1582,10.999,PASS
wait_prep_sweep,r3,sensor,N4,/Users/songchieon/Desktop/DWM3000/logs/exp4_wait_prep_sweep_0m_g200_l15_pac8_sb3000_sp2000_20260901_spiopt/exp4_32_s3_r3_n4.log,3000,2000,200,8,sync_event_detect_to_frame_read,1000,126,126,126.0,1598,7.885,PASS
wait_prep_sweep,r3,sensor,N4,/Users/songchieon/Desktop/DWM3000/logs/exp4_wait_prep_sweep_0m_g200_l15_pac8_sb3000_sp2000_20260901_spiopt/exp4_32_s3_r3_n4.log,3000,2000,200,8,sync_event_detect_to_beacon_ready,1000,153,153,153.0,1598,9.574,PASS
wait_prep_sweep,r3,sensor,N4,/Users/songchieon/Desktop/DWM3000/logs/exp4_wait_prep_sweep_0m_g200_l15_pac8_sb3000_sp2000_20260901_spiopt/exp4_32_s3_r3_n4.log,3000,2000,200,8,sensor_data_phy_config,1000,991,991,991.0,1598,62.015,PASS
wait_prep_sweep,r3,sensor,N4,/Users/songchieon/Desktop/DWM3000/logs/exp4_wait_prep_sweep_0m_g200_l15_pac8_sb3000_sp2000_20260901_spiopt/exp4_32_s3_r3_n4.log,3000,2000,200,8,sensor_tx_buffer_write,1000,73,73,73.0,1598,4.568,PASS
wait_prep_sweep,r3,sensor,N4,/Users/songchieon/Desktop/DWM3000/logs/exp4_wait_prep_sweep_0m_g200_l15_pac8_sb3000_sp2000_20260901_spiopt/exp4_32_s3_r3_n4.log,3000,2000,200,8,sensor_delayed_tx_arm_call,1000,174,174,174.0,1598,10.889,PASS
wait_prep_sweep,r1,sensor,N2,/Users/songchieon/Desktop/DWM3000/logs/exp4_wait_prep_sweep_0m_g200_l15_pac8_sb3000_sp2500_20260901_spiopt/exp4_32_s3_r1_n2.log,3000,2500,200,8,sync_event_detect_to_frame_read,1000,126,126,126.0,1581,7.97,PASS
wait_prep_sweep,r1,sensor,N2,/Users/songchieon/Desktop/DWM3000/logs/exp4_wait_prep_sweep_0m_g200_l15_pac8_sb3000_sp2500_20260901_spiopt/exp4_32_s3_r1_n2.log,3000,2500,200,8,sync_event_detect_to_beacon_ready,1000,153,153,153.0,1581,9.677,PASS
wait_prep_sweep,r1,sensor,N2,/Users/songchieon/Desktop/DWM3000/logs/exp4_wait_prep_sweep_0m_g200_l15_pac8_sb3000_sp2500_20260901_spiopt/exp4_32_s3_r1_n2.log,3000,2500,200,8,sensor_data_phy_config,1000,991,991,991.0,1581,62.682,PASS
wait_prep_sweep,r1,sensor,N2,/Users/songchieon/Desktop/DWM3000/logs/exp4_wait_prep_sweep_0m_g200_l15_pac8_sb3000_sp2500_20260901_spiopt/exp4_32_s3_r1_n2.log,3000,2500,200,8,sensor_tx_buffer_write,1000,73,73,73.0,1581,4.617,PASS
wait_prep_sweep,r1,sensor,N2,/Users/songchieon/Desktop/DWM3000/logs/exp4_wait_prep_sweep_0m_g200_l15_pac8_sb3000_sp2500_20260901_spiopt/exp4_32_s3_r1_n2.log,3000,2500,200,8,sensor_delayed_tx_arm_call,1000,174,174,174.0,1581,11.006,PASS
wait_prep_sweep,r1,sensor,N3,/Users/songchieon/Desktop/DWM3000/logs/exp4_wait_prep_sweep_0m_g200_l15_pac8_sb3000_sp2500_20260901_spiopt/exp4_32_s3_r1_n3.log,3000,2500,200,8,sync_event_detect_to_frame_read,1000,126,126,126.0,1598,7.885,PASS
wait_prep_sweep,r1,sensor,N3,/Users/songchieon/Desktop/DWM3000/logs/exp4_wait_prep_sweep_0m_g200_l15_pac8_sb3000_sp2500_20260901_spiopt/exp4_32_s3_r1_n3.log,3000,2500,200,8,sync_event_detect_to_beacon_ready,1000,153,153,153.0,1598,9.574,PASS
wait_prep_sweep,r1,sensor,N3,/Users/songchieon/Desktop/DWM3000/logs/exp4_wait_prep_sweep_0m_g200_l15_pac8_sb3000_sp2500_20260901_spiopt/exp4_32_s3_r1_n3.log,3000,2500,200,8,sensor_data_phy_config,1000,991,991,991.0,1598,62.015,PASS
wait_prep_sweep,r1,sensor,N3,/Users/songchieon/Desktop/DWM3000/logs/exp4_wait_prep_sweep_0m_g200_l15_pac8_sb3000_sp2500_20260901_spiopt/exp4_32_s3_r1_n3.log,3000,2500,200,8,sensor_tx_buffer_write,1000,73,73,73.0,1598,4.568,PASS
wait_prep_sweep,r1,sensor,N3,/Users/songchieon/Desktop/DWM3000/logs/exp4_wait_prep_sweep_0m_g200_l15_pac8_sb3000_sp2500_20260901_spiopt/exp4_32_s3_r1_n3.log,3000,2500,200,8,sensor_delayed_tx_arm_call,1000,174,174,174.0,1598,10.889,PASS
wait_prep_sweep,r1,sensor,N4,/Users/songchieon/Desktop/DWM3000/logs/exp4_wait_prep_sweep_0m_g200_l15_pac8_sb3000_sp2500_20260901_spiopt/exp4_32_s3_r1_n4.log,3000,2500,200,8,sync_event_detect_to_frame_read,1000,126,126,126.0,1594,7.905,PASS
wait_prep_sweep,r1,sensor,N4,/Users/songchieon/Desktop/DWM3000/logs/exp4_wait_prep_sweep_0m_g200_l15_pac8_sb3000_sp2500_20260901_spiopt/exp4_32_s3_r1_n4.log,3000,2500,200,8,sync_event_detect_to_beacon_ready,1000,153,153,153.0,1594,9.598,PASS
wait_prep_sweep,r1,sensor,N4,/Users/songchieon/Desktop/DWM3000/logs/exp4_wait_prep_sweep_0m_g200_l15_pac8_sb3000_sp2500_20260901_spiopt/exp4_32_s3_r1_n4.log,3000,2500,200,8,sensor_data_phy_config,1000,991,991,991.0,1594,62.171,PASS
wait_prep_sweep,r1,sensor,N4,/Users/songchieon/Desktop/DWM3000/logs/exp4_wait_prep_sweep_0m_g200_l15_pac8_sb3000_sp2500_20260901_spiopt/exp4_32_s3_r1_n4.log,3000,2500,200,8,sensor_tx_buffer_write,1000,73,73,73.0,1594,4.58,PASS
wait_prep_sweep,r1,sensor,N4,/Users/songchieon/Desktop/DWM3000/logs/exp4_wait_prep_sweep_0m_g200_l15_pac8_sb3000_sp2500_20260901_spiopt/exp4_32_s3_r1_n4.log,3000,2500,200,8,sensor_delayed_tx_arm_call,1000,174,174,174.0,1594,10.916,PASS
wait_budget_baseline,r1,coordinator,INIT,/Users/songchieon/Desktop/DWM3000/logs/exp4_wait_budget_baseline_0m_g200_l15_pac8_sb3000_sp2500_20260901_spiopt/exp4_32_s3_r1_init.log,3000,2500,200,8,coordinator_data_phy_config,1000,1019,1020,1019.985,1597,63.87,FAIL
wait_budget_baseline,r1,coordinator,INIT,/Users/songchieon/Desktop/DWM3000/logs/exp4_wait_budget_baseline_0m_g200_l15_pac8_sb3000_sp2500_20260901_spiopt/exp4_32_s3_r1_init.log,3000,2500,200,8,coordinator_delayed_rx_arm_call,1000,155,155,155.0,1597,9.706,FAIL
wait_budget_baseline,r1,coordinator,INIT,/Users/songchieon/Desktop/DWM3000/logs/exp4_wait_budget_baseline_0m_g200_l15_pac8_sb3000_sp2500_20260901_spiopt/exp4_32_s3_r1_init.log,3000,2500,200,8,sync_prep_deadline_detect_lateness,1000,143,199,169.587,1597,12.461,FAIL
wait_budget_baseline,r1,coordinator,INIT,/Users/songchieon/Desktop/DWM3000/logs/exp4_wait_budget_baseline_0m_g200_l15_pac8_sb3000_sp2500_20260901_spiopt/exp4_32_s3_r1_init.log,3000,2500,200,8,sync_prep_burst_close,1000,45,45,45.0,1597,2.818,FAIL
wait_budget_baseline_fix,r2,coordinator,INIT,/Users/songchieon/Desktop/DWM3000/logs/exp4_wait_budget_baseline_fix_0m_g200_l15_pac8_sb3000_sp2500_20260901_spiopt/exp4_32_s3_r2_init.log,3000,2500,200,8,coordinator_data_phy_config,1000,1028,1028,1028.0,1600,64.25,FAIL
wait_budget_baseline_fix,r2,coordinator,INIT,/Users/songchieon/Desktop/DWM3000/logs/exp4_wait_budget_baseline_fix_0m_g200_l15_pac8_sb3000_sp2500_20260901_spiopt/exp4_32_s3_r2_init.log,3000,2500,200,8,coordinator_delayed_rx_arm_call,1000,154,154,154.0,1600,9.625,FAIL
wait_budget_baseline_fix,r2,coordinator,INIT,/Users/songchieon/Desktop/DWM3000/logs/exp4_wait_budget_baseline_fix_0m_g200_l15_pac8_sb3000_sp2500_20260901_spiopt/exp4_32_s3_r2_init.log,3000,2500,200,8,sync_prep_deadline_detect_lateness,999,140,209,166.01,1600,13.062,FAIL
wait_budget_baseline_fix,r2,coordinator,INIT,/Users/songchieon/Desktop/DWM3000/logs/exp4_wait_budget_baseline_fix_0m_g200_l15_pac8_sb3000_sp2500_20260901_spiopt/exp4_32_s3_r2_init.log,3000,2500,200,8,sync_prep_burst_close,999,46,46,46.0,1600,2.875,FAIL
wait_budget_baseline_fix,r3,coordinator,INIT,/Users/songchieon/Desktop/DWM3000/logs/exp4_wait_budget_baseline_fix_0m_g200_l15_pac8_sb3000_sp2500_20260901_spiopt/exp4_32_s3_r3_init.log,3000,2500,200,8,coordinator_data_phy_config,1000,1028,1028,1028.0,1595,64.451,PASS
wait_budget_baseline_fix,r3,coordinator,INIT,/Users/songchieon/Desktop/DWM3000/logs/exp4_wait_budget_baseline_fix_0m_g200_l15_pac8_sb3000_sp2500_20260901_spiopt/exp4_32_s3_r3_init.log,3000,2500,200,8,coordinator_delayed_rx_arm_call,1000,154,154,154.0,1595,9.655,PASS
wait_budget_baseline_fix,r3,coordinator,INIT,/Users/songchieon/Desktop/DWM3000/logs/exp4_wait_budget_baseline_fix_0m_g200_l15_pac8_sb3000_sp2500_20260901_spiopt/exp4_32_s3_r3_init.log,3000,2500,200,8,sync_prep_deadline_detect_lateness,999,138,214,168.44,1595,13.417,PASS
wait_budget_baseline_fix,r3,coordinator,INIT,/Users/songchieon/Desktop/DWM3000/logs/exp4_wait_budget_baseline_fix_0m_g200_l15_pac8_sb3000_sp2500_20260901_spiopt/exp4_32_s3_r3_init.log,3000,2500,200,8,sync_prep_burst_close,999,46,46,46.0,1595,2.884,PASS
wait_buffer_sweep,r1,coordinator,INIT,/Users/songchieon/Desktop/DWM3000/logs/exp4_wait_buffer_sweep_0m_g200_l15_pac8_sb1600_sp2500_20260901_spiopt/exp4_32_s3_r1_init.log,1600,2500,200,8,coordinator_data_phy_config,1000,1028,1028,1028.0,1701,60.435,FAIL
wait_buffer_sweep,r1,coordinator,INIT,/Users/songchieon/Desktop/DWM3000/logs/exp4_wait_buffer_sweep_0m_g200_l15_pac8_sb1600_sp2500_20260901_spiopt/exp4_32_s3_r1_init.log,1600,2500,200,8,coordinator_delayed_rx_arm_call,1000,154,221,154.737,1701,12.992,FAIL
wait_buffer_sweep,r1,coordinator,INIT,/Users/songchieon/Desktop/DWM3000/logs/exp4_wait_buffer_sweep_0m_g200_l15_pac8_sb1600_sp2500_20260901_spiopt/exp4_32_s3_r1_init.log,1600,2500,200,8,sync_prep_deadline_detect_lateness,999,144,211,171.757,1701,12.404,FAIL
wait_buffer_sweep,r1,coordinator,INIT,/Users/songchieon/Desktop/DWM3000/logs/exp4_wait_buffer_sweep_0m_g200_l15_pac8_sb1600_sp2500_20260901_spiopt/exp4_32_s3_r1_init.log,1600,2500,200,8,sync_prep_burst_close,999,46,46,46.0,1701,2.704,FAIL
wait_buffer_sweep,r1,coordinator,INIT,/Users/songchieon/Desktop/DWM3000/logs/exp4_wait_buffer_sweep_0m_g200_l15_pac8_sb1750_sp2500_20260901_spiopt/exp4_32_s3_r1_init.log,1750,2500,200,8,coordinator_data_phy_config,1000,1028,1028,1028.0,1604,64.09,PASS
wait_buffer_sweep,r1,coordinator,INIT,/Users/songchieon/Desktop/DWM3000/logs/exp4_wait_buffer_sweep_0m_g200_l15_pac8_sb1750_sp2500_20260901_spiopt/exp4_32_s3_r1_init.log,1750,2500,200,8,coordinator_delayed_rx_arm_call,1000,154,154,154.0,1604,9.601,PASS
wait_buffer_sweep,r1,coordinator,INIT,/Users/songchieon/Desktop/DWM3000/logs/exp4_wait_buffer_sweep_0m_g200_l15_pac8_sb1750_sp2500_20260901_spiopt/exp4_32_s3_r1_init.log,1750,2500,200,8,sync_prep_deadline_detect_lateness,999,148,214,179.991,1604,13.342,PASS
wait_buffer_sweep,r1,coordinator,INIT,/Users/songchieon/Desktop/DWM3000/logs/exp4_wait_buffer_sweep_0m_g200_l15_pac8_sb1750_sp2500_20260901_spiopt/exp4_32_s3_r1_init.log,1750,2500,200,8,sync_prep_burst_close,999,46,46,46.0,1604,2.868,PASS
wait_buffer_sweep,r1,coordinator,INIT,/Users/songchieon/Desktop/DWM3000/logs/exp4_wait_buffer_sweep_0m_g200_l15_pac8_sb2000_sp2500_20260901_spiopt/exp4_32_s3_r1_init.log,2000,2500,200,8,coordinator_data_phy_config,1000,1028,1028,1028.0,1594,64.492,PASS
wait_buffer_sweep,r1,coordinator,INIT,/Users/songchieon/Desktop/DWM3000/logs/exp4_wait_buffer_sweep_0m_g200_l15_pac8_sb2000_sp2500_20260901_spiopt/exp4_32_s3_r1_init.log,2000,2500,200,8,coordinator_delayed_rx_arm_call,1000,154,154,154.0,1594,9.661,PASS
wait_buffer_sweep,r1,coordinator,INIT,/Users/songchieon/Desktop/DWM3000/logs/exp4_wait_buffer_sweep_0m_g200_l15_pac8_sb2000_sp2500_20260901_spiopt/exp4_32_s3_r1_init.log,2000,2500,200,8,sync_prep_deadline_detect_lateness,999,145,211,170.239,1594,13.237,PASS
wait_buffer_sweep,r1,coordinator,INIT,/Users/songchieon/Desktop/DWM3000/logs/exp4_wait_buffer_sweep_0m_g200_l15_pac8_sb2000_sp2500_20260901_spiopt/exp4_32_s3_r1_init.log,2000,2500,200,8,sync_prep_burst_close,999,46,46,46.0,1594,2.886,PASS
wait_buffer_sweep,r1,coordinator,INIT,/Users/songchieon/Desktop/DWM3000/logs/exp4_wait_buffer_sweep_0m_g200_l15_pac8_sb2500_sp2500_20260901_spiopt/exp4_32_s3_r1_init.log,2500,2500,200,8,coordinator_data_phy_config,1000,1028,1028,1028.0,1606,64.01,PASS
wait_buffer_sweep,r1,coordinator,INIT,/Users/songchieon/Desktop/DWM3000/logs/exp4_wait_buffer_sweep_0m_g200_l15_pac8_sb2500_sp2500_20260901_spiopt/exp4_32_s3_r1_init.log,2500,2500,200,8,coordinator_delayed_rx_arm_call,1000,154,154,154.0,1606,9.589,PASS
wait_buffer_sweep,r1,coordinator,INIT,/Users/songchieon/Desktop/DWM3000/logs/exp4_wait_buffer_sweep_0m_g200_l15_pac8_sb2500_sp2500_20260901_spiopt/exp4_32_s3_r1_init.log,2500,2500,200,8,sync_prep_deadline_detect_lateness,999,146,210,179.875,1606,13.076,PASS
wait_buffer_sweep,r1,coordinator,INIT,/Users/songchieon/Desktop/DWM3000/logs/exp4_wait_buffer_sweep_0m_g200_l15_pac8_sb2500_sp2500_20260901_spiopt/exp4_32_s3_r1_init.log,2500,2500,200,8,sync_prep_burst_close,999,46,46,46.0,1606,2.864,PASS
wait_buffer_sweep,r3,coordinator,INIT,/Users/songchieon/Desktop/DWM3000/logs/exp4_wait_buffer_sweep_0m_g200_l15_pac8_sb2500_sp2500_20260901_spiopt/exp4_32_s3_r3_init.log,2500,2500,200,8,coordinator_data_phy_config,1000,1028,1028,1028.0,1603,64.13,PASS
wait_buffer_sweep,r3,coordinator,INIT,/Users/songchieon/Desktop/DWM3000/logs/exp4_wait_buffer_sweep_0m_g200_l15_pac8_sb2500_sp2500_20260901_spiopt/exp4_32_s3_r3_init.log,2500,2500,200,8,coordinator_delayed_rx_arm_call,1000,154,154,154.0,1603,9.607,PASS
wait_buffer_sweep,r3,coordinator,INIT,/Users/songchieon/Desktop/DWM3000/logs/exp4_wait_buffer_sweep_0m_g200_l15_pac8_sb2500_sp2500_20260901_spiopt/exp4_32_s3_r3_init.log,2500,2500,200,8,sync_prep_deadline_detect_lateness,999,150,211,179.781,1603,13.163,PASS
wait_buffer_sweep,r3,coordinator,INIT,/Users/songchieon/Desktop/DWM3000/logs/exp4_wait_buffer_sweep_0m_g200_l15_pac8_sb2500_sp2500_20260901_spiopt/exp4_32_s3_r3_init.log,2500,2500,200,8,sync_prep_burst_close,999,46,46,46.0,1603,2.87,PASS
wait_capacity19,r1,coordinator,INIT,/Users/songchieon/Desktop/DWM3000/logs/exp4_wait_capacity19_0m_g200_l15_pac8_sb2000_sp2000_seq2342342342342342342_20260902_spiopt/exp4_32_s3_r1_init.log,2000,2000,200,8,coordinator_data_phy_config,1000,1028,1028,1028.0,1597,64.371,PASS
wait_capacity19,r1,coordinator,INIT,/Users/songchieon/Desktop/DWM3000/logs/exp4_wait_capacity19_0m_g200_l15_pac8_sb2000_sp2000_seq2342342342342342342_20260902_spiopt/exp4_32_s3_r1_init.log,2000,2000,200,8,coordinator_delayed_rx_arm_call,1000,154,154,154.0,1597,9.643,PASS
wait_capacity19,r1,coordinator,INIT,/Users/songchieon/Desktop/DWM3000/logs/exp4_wait_capacity19_0m_g200_l15_pac8_sb2000_sp2000_seq2342342342342342342_20260902_spiopt/exp4_32_s3_r1_init.log,2000,2000,200,8,sync_prep_deadline_detect_lateness,999,142,211,184.86,1597,13.212,PASS
wait_capacity19,r1,coordinator,INIT,/Users/songchieon/Desktop/DWM3000/logs/exp4_wait_capacity19_0m_g200_l15_pac8_sb2000_sp2000_seq2342342342342342342_20260902_spiopt/exp4_32_s3_r1_init.log,2000,2000,200,8,sync_prep_burst_close,999,46,46,46.0,1597,2.88,PASS
wait_capacity20,r1,coordinator,INIT,/Users/songchieon/Desktop/DWM3000/logs/exp4_wait_capacity20_0m_g200_l15_pac8_sb2000_sp2000_seq23423423423423423423_20260902_spiopt/exp4_32_s3_r1_init.log,2000,2000,200,8,coordinator_data_phy_config,1000,1028,1028,1028.0,1579,65.104,FAIL
wait_capacity20,r1,coordinator,INIT,/Users/songchieon/Desktop/DWM3000/logs/exp4_wait_capacity20_0m_g200_l15_pac8_sb2000_sp2000_seq23423423423423423423_20260902_spiopt/exp4_32_s3_r1_init.log,2000,2000,200,8,coordinator_delayed_rx_arm_call,1000,154,154,154.0,1579,9.753,FAIL
wait_capacity20,r1,coordinator,INIT,/Users/songchieon/Desktop/DWM3000/logs/exp4_wait_capacity20_0m_g200_l15_pac8_sb2000_sp2000_seq23423423423423423423_20260902_spiopt/exp4_32_s3_r1_init.log,2000,2000,200,8,sync_prep_deadline_detect_lateness,999,165,580,331.513,1579,36.732,FAIL
wait_capacity20,r1,coordinator,INIT,/Users/songchieon/Desktop/DWM3000/logs/exp4_wait_capacity20_0m_g200_l15_pac8_sb2000_sp2000_seq23423423423423423423_20260902_spiopt/exp4_32_s3_r1_init.log,2000,2000,200,8,sync_prep_burst_close,999,46,46,46.0,1579,2.913,FAIL
wait_guard_sweep,r1,coordinator,INIT,/Users/songchieon/Desktop/DWM3000/logs/exp4_wait_guard_sweep_0m_g100_l15_pac8_sb2000_sp2000_20260902_spiopt/exp4_32_s3_r1_init.log,2000,2000,100,8,coordinator_data_phy_config,1000,1019,1020,1019.235,1590,64.151,PASS
wait_guard_sweep,r1,coordinator,INIT,/Users/songchieon/Desktop/DWM3000/logs/exp4_wait_guard_sweep_0m_g100_l15_pac8_sb2000_sp2000_20260902_spiopt/exp4_32_s3_r1_init.log,2000,2000,100,8,coordinator_delayed_rx_arm_call,1000,155,155,155.0,1590,9.748,PASS
wait_guard_sweep,r1,coordinator,INIT,/Users/songchieon/Desktop/DWM3000/logs/exp4_wait_guard_sweep_0m_g100_l15_pac8_sb2000_sp2000_20260902_spiopt/exp4_32_s3_r1_init.log,2000,2000,100,8,sync_prep_deadline_detect_lateness,999,150,210,170.064,1590,13.208,PASS
wait_guard_sweep,r1,coordinator,INIT,/Users/songchieon/Desktop/DWM3000/logs/exp4_wait_guard_sweep_0m_g100_l15_pac8_sb2000_sp2000_20260902_spiopt/exp4_32_s3_r1_init.log,2000,2000,100,8,sync_prep_burst_close,999,45,45,45.0,1590,2.83,PASS
wait_guard_sweep,r1,coordinator,INIT,/Users/songchieon/Desktop/DWM3000/logs/exp4_wait_guard_sweep_0m_g150_l15_pac8_sb2000_sp2000_20260902_spiopt/exp4_32_s3_r1_init.log,2000,2000,150,8,coordinator_data_phy_config,1000,1019,1020,1019.253,1599,63.79,PASS
wait_guard_sweep,r1,coordinator,INIT,/Users/songchieon/Desktop/DWM3000/logs/exp4_wait_guard_sweep_0m_g150_l15_pac8_sb2000_sp2000_20260902_spiopt/exp4_32_s3_r1_init.log,2000,2000,150,8,coordinator_delayed_rx_arm_call,1000,155,155,155.0,1599,9.694,PASS
wait_guard_sweep,r1,coordinator,INIT,/Users/songchieon/Desktop/DWM3000/logs/exp4_wait_guard_sweep_0m_g150_l15_pac8_sb2000_sp2000_20260902_spiopt/exp4_32_s3_r1_init.log,2000,2000,150,8,sync_prep_deadline_detect_lateness,999,151,212,183.669,1599,13.258,PASS
wait_guard_sweep,r1,coordinator,INIT,/Users/songchieon/Desktop/DWM3000/logs/exp4_wait_guard_sweep_0m_g150_l15_pac8_sb2000_sp2000_20260902_spiopt/exp4_32_s3_r1_init.log,2000,2000,150,8,sync_prep_burst_close,999,45,45,45.0,1599,2.814,PASS
wait_guard_sweep,r1,coordinator,INIT,/Users/songchieon/Desktop/DWM3000/logs/exp4_wait_guard_sweep_0m_g75_l15_pac8_sb2000_sp2000_20260902_spiopt/exp4_32_s3_r1_init.log,2000,2000,75,8,coordinator_data_phy_config,1000,1019,1020,1019.219,1586,64.313,FAIL
wait_guard_sweep,r1,coordinator,INIT,/Users/songchieon/Desktop/DWM3000/logs/exp4_wait_guard_sweep_0m_g75_l15_pac8_sb2000_sp2000_20260902_spiopt/exp4_32_s3_r1_init.log,2000,2000,75,8,coordinator_delayed_rx_arm_call,1000,155,155,155.0,1586,9.773,FAIL
wait_guard_sweep,r1,coordinator,INIT,/Users/songchieon/Desktop/DWM3000/logs/exp4_wait_guard_sweep_0m_g75_l15_pac8_sb2000_sp2000_20260902_spiopt/exp4_32_s3_r1_init.log,2000,2000,75,8,sync_prep_deadline_detect_lateness,999,141,199,168.296,1586,12.547,FAIL
wait_guard_sweep,r1,coordinator,INIT,/Users/songchieon/Desktop/DWM3000/logs/exp4_wait_guard_sweep_0m_g75_l15_pac8_sb2000_sp2000_20260902_spiopt/exp4_32_s3_r1_init.log,2000,2000,75,8,sync_prep_burst_close,999,45,45,45.0,1586,2.837,FAIL
wait_interaction,r1,coordinator,INIT,/Users/songchieon/Desktop/DWM3000/logs/exp4_wait_interaction_0m_g200_l15_pac8_sb2000_sp2000_20260902_spiopt/exp4_32_s3_r1_init.log,2000,2000,200,8,coordinator_data_phy_config,1000,1028,1028,1028.0,1600,64.25,PASS
wait_interaction,r1,coordinator,INIT,/Users/songchieon/Desktop/DWM3000/logs/exp4_wait_interaction_0m_g200_l15_pac8_sb2000_sp2000_20260902_spiopt/exp4_32_s3_r1_init.log,2000,2000,200,8,coordinator_delayed_rx_arm_call,1000,154,154,154.0,1600,9.625,PASS
wait_interaction,r1,coordinator,INIT,/Users/songchieon/Desktop/DWM3000/logs/exp4_wait_interaction_0m_g200_l15_pac8_sb2000_sp2000_20260902_spiopt/exp4_32_s3_r1_init.log,2000,2000,200,8,sync_prep_deadline_detect_lateness,999,143,205,175.537,1600,12.812,PASS
wait_interaction,r1,coordinator,INIT,/Users/songchieon/Desktop/DWM3000/logs/exp4_wait_interaction_0m_g200_l15_pac8_sb2000_sp2000_20260902_spiopt/exp4_32_s3_r1_init.log,2000,2000,200,8,sync_prep_burst_close,999,46,46,46.0,1600,2.875,PASS
wait_interaction,r2,coordinator,INIT,/Users/songchieon/Desktop/DWM3000/logs/exp4_wait_interaction_0m_g200_l15_pac8_sb2000_sp2000_20260902_spiopt/exp4_32_s3_r2_init.log,2000,2000,200,8,coordinator_data_phy_config,1000,1028,1028,1028.0,1603,64.13,PASS
wait_interaction,r2,coordinator,INIT,/Users/songchieon/Desktop/DWM3000/logs/exp4_wait_interaction_0m_g200_l15_pac8_sb2000_sp2000_20260902_spiopt/exp4_32_s3_r2_init.log,2000,2000,200,8,coordinator_delayed_rx_arm_call,1000,154,154,154.0,1603,9.607,PASS
wait_interaction,r2,coordinator,INIT,/Users/songchieon/Desktop/DWM3000/logs/exp4_wait_interaction_0m_g200_l15_pac8_sb2000_sp2000_20260902_spiopt/exp4_32_s3_r2_init.log,2000,2000,200,8,sync_prep_deadline_detect_lateness,999,148,204,177.455,1603,12.726,PASS
wait_interaction,r2,coordinator,INIT,/Users/songchieon/Desktop/DWM3000/logs/exp4_wait_interaction_0m_g200_l15_pac8_sb2000_sp2000_20260902_spiopt/exp4_32_s3_r2_init.log,2000,2000,200,8,sync_prep_burst_close,999,46,46,46.0,1603,2.87,PASS
wait_interaction,r3,coordinator,INIT,/Users/songchieon/Desktop/DWM3000/logs/exp4_wait_interaction_0m_g200_l15_pac8_sb2000_sp2000_20260902_spiopt/exp4_32_s3_r3_init.log,2000,2000,200,8,coordinator_data_phy_config,1000,1028,1028,1028.0,1594,64.492,PASS
wait_interaction,r3,coordinator,INIT,/Users/songchieon/Desktop/DWM3000/logs/exp4_wait_interaction_0m_g200_l15_pac8_sb2000_sp2000_20260902_spiopt/exp4_32_s3_r3_init.log,2000,2000,200,8,coordinator_delayed_rx_arm_call,1000,154,154,154.0,1594,9.661,PASS
wait_interaction,r3,coordinator,INIT,/Users/songchieon/Desktop/DWM3000/logs/exp4_wait_interaction_0m_g200_l15_pac8_sb2000_sp2000_20260902_spiopt/exp4_32_s3_r3_init.log,2000,2000,200,8,sync_prep_deadline_detect_lateness,999,143,198,171.963,1594,12.422,PASS
wait_interaction,r3,coordinator,INIT,/Users/songchieon/Desktop/DWM3000/logs/exp4_wait_interaction_0m_g200_l15_pac8_sb2000_sp2000_20260902_spiopt/exp4_32_s3_r3_init.log,2000,2000,200,8,sync_prep_burst_close,999,46,46,46.0,1594,2.886,PASS
wait_interaction,r4,coordinator,INIT,/Users/songchieon/Desktop/DWM3000/logs/exp4_wait_interaction_0m_g200_l15_pac8_sb2000_sp2000_20260902_spiopt/exp4_32_s3_r4_init.log,2000,2000,200,8,coordinator_data_phy_config,1000,1028,1028,1028.0,1601,64.21,PASS
wait_interaction,r4,coordinator,INIT,/Users/songchieon/Desktop/DWM3000/logs/exp4_wait_interaction_0m_g200_l15_pac8_sb2000_sp2000_20260902_spiopt/exp4_32_s3_r4_init.log,2000,2000,200,8,coordinator_delayed_rx_arm_call,1000,154,154,154.0,1601,9.619,PASS
wait_interaction,r4,coordinator,INIT,/Users/songchieon/Desktop/DWM3000/logs/exp4_wait_interaction_0m_g200_l15_pac8_sb2000_sp2000_20260902_spiopt/exp4_32_s3_r4_init.log,2000,2000,200,8,sync_prep_deadline_detect_lateness,999,145,205,174.433,1601,12.804,PASS
wait_interaction,r4,coordinator,INIT,/Users/songchieon/Desktop/DWM3000/logs/exp4_wait_interaction_0m_g200_l15_pac8_sb2000_sp2000_20260902_spiopt/exp4_32_s3_r4_init.log,2000,2000,200,8,sync_prep_burst_close,999,46,46,46.0,1601,2.873,PASS
wait_prep_sweep,r1,coordinator,INIT,/Users/songchieon/Desktop/DWM3000/logs/exp4_wait_prep_sweep_0m_g200_l15_pac8_sb3000_sp1750_20260902_spiopt/exp4_32_s3_r1_init.log,3000,1750,200,8,coordinator_data_phy_config,1000,1028,1028,1028.0,1577,65.187,FAIL
wait_prep_sweep,r1,coordinator,INIT,/Users/songchieon/Desktop/DWM3000/logs/exp4_wait_prep_sweep_0m_g200_l15_pac8_sb3000_sp1750_20260902_spiopt/exp4_32_s3_r1_init.log,3000,1750,200,8,coordinator_delayed_rx_arm_call,1000,154,154,154.0,1577,9.765,FAIL
wait_prep_sweep,r1,coordinator,INIT,/Users/songchieon/Desktop/DWM3000/logs/exp4_wait_prep_sweep_0m_g200_l15_pac8_sb3000_sp1750_20260902_spiopt/exp4_32_s3_r1_init.log,3000,1750,200,8,sync_prep_deadline_detect_lateness,999,152,212,178.043,1577,13.443,FAIL
wait_prep_sweep,r1,coordinator,INIT,/Users/songchieon/Desktop/DWM3000/logs/exp4_wait_prep_sweep_0m_g200_l15_pac8_sb3000_sp1750_20260902_spiopt/exp4_32_s3_r1_init.log,3000,1750,200,8,sync_prep_burst_close,999,46,46,46.0,1577,2.917,FAIL
wait_prep_sweep,r3,coordinator,INIT,/Users/songchieon/Desktop/DWM3000/logs/exp4_wait_prep_sweep_0m_g200_l15_pac8_sb3000_sp2000_20260901_spiopt/exp4_32_s3_r3_init.log,3000,2000,200,8,coordinator_data_phy_config,1000,1028,1028,1028.0,1599,64.29,PASS
wait_prep_sweep,r3,coordinator,INIT,/Users/songchieon/Desktop/DWM3000/logs/exp4_wait_prep_sweep_0m_g200_l15_pac8_sb3000_sp2000_20260901_spiopt/exp4_32_s3_r3_init.log,3000,2000,200,8,coordinator_delayed_rx_arm_call,1000,154,154,154.0,1599,9.631,PASS
wait_prep_sweep,r3,coordinator,INIT,/Users/songchieon/Desktop/DWM3000/logs/exp4_wait_prep_sweep_0m_g200_l15_pac8_sb3000_sp2000_20260901_spiopt/exp4_32_s3_r3_init.log,3000,2000,200,8,sync_prep_deadline_detect_lateness,999,147,205,174.349,1599,12.821,PASS
wait_prep_sweep,r3,coordinator,INIT,/Users/songchieon/Desktop/DWM3000/logs/exp4_wait_prep_sweep_0m_g200_l15_pac8_sb3000_sp2000_20260901_spiopt/exp4_32_s3_r3_init.log,3000,2000,200,8,sync_prep_burst_close,999,46,46,46.0,1599,2.877,PASS
wait_prep_sweep,r1,coordinator,INIT,/Users/songchieon/Desktop/DWM3000/logs/exp4_wait_prep_sweep_0m_g200_l15_pac8_sb3000_sp2500_20260901_spiopt/exp4_32_s3_r1_init.log,3000,2500,200,8,coordinator_data_phy_config,1000,1028,1028,1028.0,1604,64.09,PASS
wait_prep_sweep,r1,coordinator,INIT,/Users/songchieon/Desktop/DWM3000/logs/exp4_wait_prep_sweep_0m_g200_l15_pac8_sb3000_sp2500_20260901_spiopt/exp4_32_s3_r1_init.log,3000,2500,200,8,coordinator_delayed_rx_arm_call,1000,154,154,154.0,1604,9.601,PASS
wait_prep_sweep,r1,coordinator,INIT,/Users/songchieon/Desktop/DWM3000/logs/exp4_wait_prep_sweep_0m_g200_l15_pac8_sb3000_sp2500_20260901_spiopt/exp4_32_s3_r1_init.log,3000,2500,200,8,sync_prep_deadline_detect_lateness,999,146,217,172.499,1604,13.529,PASS
wait_prep_sweep,r1,coordinator,INIT,/Users/songchieon/Desktop/DWM3000/logs/exp4_wait_prep_sweep_0m_g200_l15_pac8_sb3000_sp2500_20260901_spiopt/exp4_32_s3_r1_init.log,3000,2500,200,8,sync_prep_burst_close,999,46,46,46.0,1604,2.868,PASS
